Region,Category,Emission,Technology,Timeslice,Scenario,Year,Value,2025,2030,2035,2040,2045,2050
AT,Power,CO2,P_Coal_Hardcoal,Emissions,GradualDevelopment_globalLimit,1.785375289,,,,,,,
AT,Power,CO2,P_Gas,Emissions,GradualDevelopment_globalLimit,2.74325131,2.238704567,,1.252106532,,,,
AT,Power,CO2,P_Oil,Emissions,GradualDevelopment_globalLimit,0.424368421,0.358259327,,,,,,
AT,Industry,CO2,HLI_Gas_Boiler,Emissions,GradualDevelopment_globalLimit,3.984488762,4.084440309,4.300257759,4.230056714,4.005523125,2.028870644,,
AT,Industry,CO2,HLI_Hardcoal,Emissions,GradualDevelopment_globalLimit,0.215569685,0.087441747,0.016827978,0.002511118,0.004987359,,,
AT,Industry,CO2,HLI_Oil_Boiler,Emissions,GradualDevelopment_globalLimit,0.600755257,0.380693217,0.004403797,0.008746852,0.01737222,,,
AT,Industry,CO2,HMI_Gas,Emissions,GradualDevelopment_globalLimit,12.9285883,12.82091902,12.66095675,8.663424684,4.769516878,0.827783641,,
AT,Industry,CO2,HMI_HardCoal,Emissions,GradualDevelopment_globalLimit,0.542047759,0.274883487,,,,,,
AT,Industry,CO2,HMI_Oil,Emissions,GradualDevelopment_globalLimit,0.5263293,0.200112385,,,,,,
AT,Industry,CO2,HHI_BF_BOF,Emissions,GradualDevelopment_globalLimit,19.19224159,17.64994894,10.06272628,4.534990224,2.332039726,0.665551673,,
AT,Industry,CO2,HHI_DRI_EAF,Emissions,GradualDevelopment_globalLimit,0.446350331,0.168695854,,,0.072793824,0.024247196,,
AT,Buildings,CO2,HLR_Gas_Boiler,Emissions,GradualDevelopment_globalLimit,11.08788779,7.946751276,7.399463671,5.185095346,3.556154228,2.058906883,,
AT,Buildings,CO2,HLR_Hardcoal,Emissions,GradualDevelopment_globalLimit,0.060342187,0.00768188,,,,,,
AT,Buildings,CO2,HLR_Oil_Boiler,Emissions,GradualDevelopment_globalLimit,3.195259106,0.809644589,,,,,,
AT,Transportation,CO2,FRT_Rail_Conv,Emissions,GradualDevelopment_globalLimit,2.499142439,1.987450839,,,,,,
AT,Transportation,CO2,FRT_Road_ICE,Emissions,GradualDevelopment_globalLimit,40.0211555,38.8611922,28.52401976,17.52971985,0.057509013,,,
AT,Transportation,CO2,FRT_Road_PHEV,Emissions,GradualDevelopment_globalLimit,,,1.817618425,1.789711021,1.497714551,,,
AT,Transportation,CO2,FRT_Ship_Conv,Emissions,GradualDevelopment_globalLimit,0.49616343,0.522317972,0.538278108,0.10058678,0.039399613,0.015409693,,
AT,Transportation,CO2,PSNG_Air_Conv,Emissions,GradualDevelopment_globalLimit,0.306609688,0.291242496,0.263632464,0.202343777,0.193842648,0.000175974,,
AT,Transportation,CO2,PSNG_Rail_Conv,Emissions,GradualDevelopment_globalLimit,0.266569081,0.199418951,,0.042373732,0.020564261,,,
AT,Transportation,CO2,PSNG_Road_ICE,Emissions,GradualDevelopment_globalLimit,9.522965434,8.387668637,5.455286667,3.296135322,0.283958797,0.261860902,,
AT,Transportation,CO2,PSNG_Road_PHEV,Emissions,GradualDevelopment_globalLimit,,,0.152610608,0.142229237,0.128925469,,,
BE,Power,CO2,P_Coal_Hardcoal,Emissions,GradualDevelopment_globalLimit,1.707479547,,,,,,,
BE,Power,CO2,P_Gas,Emissions,GradualDevelopment_globalLimit,8.602933066,7.020656646,1.904129037,7.197695569,0.291331342,,,
BE,Industry,CO2,HLI_Gas_Boiler,Emissions,GradualDevelopment_globalLimit,4.404476391,4.196501617,4.31746045,4.407044022,4.554474836,2.347879308,,
BE,Industry,CO2,HLI_Hardcoal,Emissions,GradualDevelopment_globalLimit,0.203875127,0.082700929,0.015956062,0.002381233,0.004729393,,,
BE,Industry,CO2,HLI_Oil_Boiler,Emissions,GradualDevelopment_globalLimit,0.295651671,0.149936406,0.002168367,0.004306826,0.008553834,,,
BE,Industry,CO2,HMI_Gas,Emissions,GradualDevelopment_globalLimit,24.43004592,29.21529473,34.27511189,31.82751841,18.66117058,15.45672414,,
BE,Industry,CO2,HMI_HardCoal,Emissions,GradualDevelopment_globalLimit,0.311397948,0.278433891,,,,,,
BE,Industry,CO2,HMI_Oil,Emissions,GradualDevelopment_globalLimit,19.03743764,16.25376591,,,,,,
BE,Industry,CO2,HHI_BF_BOF,Emissions,GradualDevelopment_globalLimit,17.16187117,15.33592633,9.565215497,3.807084873,1.592465289,0.500919567,,
BE,Industry,CO2,HHI_DRI_EAF,Emissions,GradualDevelopment_globalLimit,0.791040226,0.581318928,,0.048430132,0.12273278,,,
BE,Buildings,CO2,HLR_Gas_Boiler,Emissions,GradualDevelopment_globalLimit,15.55247253,16.0210606,12.18545805,7.275168298,6.064597293,3.609575722,,
BE,Buildings,CO2,HLR_Hardcoal,Emissions,GradualDevelopment_globalLimit,0.398884053,0.050568721,,,,,,
BE,Buildings,CO2,HLR_Oil_Boiler,Emissions,GradualDevelopment_globalLimit,10.36844885,6.567670764,,,,,,
BE,Transportation,CO2,FRT_Rail_Conv,Emissions,GradualDevelopment_globalLimit,0.582404441,0.466830335,,,,,,
BE,Transportation,CO2,FRT_Road_ICE,Emissions,GradualDevelopment_globalLimit,56.41259857,53.82802055,41.43376623,24.05735021,,,,
BE,Transportation,CO2,FRT_Road_PHEV,Emissions,GradualDevelopment_globalLimit,,0.445335319,3.129100923,3.061883108,2.17762519,,,
BE,Transportation,CO2,FRT_Ship_Conv,Emissions,GradualDevelopment_globalLimit,2.137650036,2.184146913,2.261454687,0.126952174,0.167074082,0.066390094,,
BE,Transportation,CO2,PSNG_Air_Conv,Emissions,GradualDevelopment_globalLimit,0.429680324,0.408144867,0.369452392,0.283562924,0.271649512,0.000246608,,
BE,Transportation,CO2,PSNG_Rail_Conv,Emissions,GradualDevelopment_globalLimit,0.163435888,0.126209592,0.00621121,0.025979427,0.012608237,,,
BE,Transportation,CO2,PSNG_Road_ICE,Emissions,GradualDevelopment_globalLimit,14.82822929,13.07678185,8.503008735,5.141433867,0.446335361,0.400379017,,
BE,Transportation,CO2,PSNG_Road_PHEV,Emissions,GradualDevelopment_globalLimit,,,0.237927333,0.221742272,0.201001054,,,
BG,Power,CO2,P_Coal_Hardcoal,Emissions,GradualDevelopment_globalLimit,0.403122133,0.332924513,0.190358367,0.03702142,,,,
BG,Power,CO2,P_Coal_Lignite,Emissions,GradualDevelopment_globalLimit,14.56266095,11.47445222,6.557719994,1.274786126,,,,
BG,Power,CO2,P_Gas,Emissions,GradualDevelopment_globalLimit,0.519215172,0.423719611,0.619718272,,,,,
BG,Industry,CO2,HLI_Gas_Boiler,Emissions,GradualDevelopment_globalLimit,0.890084581,0.978772644,1.035470932,1.048138004,0.997600046,0.652690581,,
BG,Industry,CO2,HLI_Hardcoal,Emissions,GradualDevelopment_globalLimit,0.0167622,0.00855981,0.00135147,0.000216476,0.000429945,,,
BG,Industry,CO2,HLI_Lignite,Emissions,GradualDevelopment_globalLimit,0.004105739,,,,,,,
BG,Industry,CO2,HLI_Oil_Boiler,Emissions,GradualDevelopment_globalLimit,0.091616289,0.046457477,0.000670629,0.001332008,0.002645516,,,
BG,Industry,CO2,HMI_Gas,Emissions,GradualDevelopment_globalLimit,6.549539073,7.511522375,6.814931161,5.603080438,2.356080256,0.628501712,,
BG,Industry,CO2,HMI_HardCoal,Emissions,GradualDevelopment_globalLimit,3.017081719,0.611598273,,,,,,
BG,Industry,CO2,HMI_Oil,Emissions,GradualDevelopment_globalLimit,0.118049678,0.045054167,,,,,,
BG,Industry,CO2,HHI_BF_BOF,Emissions,GradualDevelopment_globalLimit,1.479248891,1.28190583,0.739386557,0.471055418,0.077440939,0.022690322,,
BG,Industry,CO2,HHI_DRI_EAF,Emissions,GradualDevelopment_globalLimit,0.153305364,0.137694421,0.044071319,0.030066268,0.014567309,,,
BG,Buildings,CO2,HLR_Gas_Boiler,Emissions,GradualDevelopment_globalLimit,3.33072073,3.24200671,1.992245968,1.616086155,1.062732232,0.667172047,,
BG,Buildings,CO2,HLR_Hardcoal,Emissions,GradualDevelopment_globalLimit,0.495451733,0.062815833,,,,,,
BG,Buildings,CO2,HLR_Oil_Boiler,Emissions,GradualDevelopment_globalLimit,0.096307576,0.012214595,,,,,,
BG,Transportation,CO2,FRT_Rail_Conv,Emissions,GradualDevelopment_globalLimit,0.326181775,0.267971498,,,,,,
BG,Transportation,CO2,FRT_Road_ICE,Emissions,GradualDevelopment_globalLimit,17.08425013,16.59903038,12.22893784,7.318183197,,,,
BG,Transportation,CO2,FRT_Road_PHEV,Emissions,GradualDevelopment_globalLimit,,,0.97435307,0.952306031,0.664497781,,,
BG,Transportation,CO2,FRT_Ship_Conv,Emissions,GradualDevelopment_globalLimit,0.222392608,0.214606072,0.238749317,0.037065115,0.017660297,0.006907924,,
BG,Transportation,CO2,PSNG_Air_Conv,Emissions,GradualDevelopment_globalLimit,0.390978947,0.371383192,0.307661451,0.263043017,0.225469742,0.004303221,,
BG,Transportation,CO2,PSNG_Rail_Conv,Emissions,GradualDevelopment_globalLimit,0.106225136,0.077928414,9.61533E-05,0.016885746,0.008195012,,,
BG,Transportation,CO2,PSNG_Road_ICE,Emissions,GradualDevelopment_globalLimit,6.296569175,5.514964615,3.587029952,2.168879868,0.188387393,0.173141781,,
BG,Transportation,CO2,PSNG_Road_PHEV,Emissions,GradualDevelopment_globalLimit,,,0.100342794,0.093516952,0.08476961,,,
CH,Power,CO2,P_Gas,Emissions,GradualDevelopment_globalLimit,0.184394897,0.150480452,0.375482424,0.275158866,0.13662402,,,
CH,Industry,CO2,HLI_Gas_Boiler,Emissions,GradualDevelopment_globalLimit,1.064454836,1.051757576,1.035291148,0.934015652,0.826080046,0.065398975,,
CH,Industry,CO2,HLI_Hardcoal,Emissions,GradualDevelopment_globalLimit,0.002519033,,,,,,,
CH,Industry,CO2,HLI_Oil_Boiler,Emissions,GradualDevelopment_globalLimit,0.207094147,0.105039516,0.001520092,0.003019218,0.005996502,,,
CH,Industry,CO2,HMI_Gas,Emissions,GradualDevelopment_globalLimit,2.231862582,2.223493223,2.217223698,2.135185923,1.425916936,0.8650392,,
CH,Industry,CO2,HMI_HardCoal,Emissions,GradualDevelopment_globalLimit,0.002484558,,,,,,,
CH,Industry,CO2,HMI_Oil,Emissions,GradualDevelopment_globalLimit,0.256786212,0.130242057,,,,,,
CH,Industry,CO2,HHI_BF_BOF,Emissions,GradualDevelopment_globalLimit,2.691309662,2.186836062,1.588389632,0.811318339,0.270310525,0.038845642,,
CH,Industry,CO2,HHI_DRI_EAF,Emissions,GradualDevelopment_globalLimit,0.18284566,0.010946862,0.064200138,0.037306896,0.018070298,,,
CH,Buildings,CO2,HLR_Gas_Boiler,Emissions,GradualDevelopment_globalLimit,11.91350576,11.43745345,8.219105144,6.800927474,2.924439238,1.591949788,,
CH,Buildings,CO2,HLR_Oil_Boiler,Emissions,GradualDevelopment_globalLimit,7.7674544,3.936040742,,,,,,
CH,Transportation,CO2,FRT_Rail_Conv,Emissions,GradualDevelopment_globalLimit,1.021976208,0.812729775,0.182585671,,,,,
CH,Transportation,CO2,FRT_Road_ICE,Emissions,GradualDevelopment_globalLimit,25.14467377,24.02231684,17.59029718,10.71008887,,,,
CH,Transportation,CO2,FRT_Road_PHEV,Emissions,GradualDevelopment_globalLimit,,0.308222379,1.393044066,1.363119375,0.969456698,,,
CH,Transportation,CO2,FRT_Ship_Conv,Emissions,GradualDevelopment_globalLimit,0.006304284,0.008271516,0.005910962,0.001571698,0.000961834,0.00025627,0.000136768,1.9069E-05
CH,Transportation,CO2,PSNG_Air_Conv,Emissions,GradualDevelopment_globalLimit,0.335929191,0.319092514,0.288842276,0.221692869,0.212378821,0.000192801,,
CH,Transportation,CO2,PSNG_Rail_Conv,Emissions,GradualDevelopment_globalLimit,0.324916424,0.254930275,0.047661233,0.048563057,0.047135964,,,
CH,Transportation,CO2,PSNG_Road_ICE,Emissions,GradualDevelopment_globalLimit,10.20173978,8.985521723,5.839281078,3.526963159,0.304198705,,,
CH,Transportation,CO2,PSNG_Road_PHEV,Emissions,GradualDevelopment_globalLimit,,,0.16543255,0.154032333,0.139743445,,,
CZ,Power,CO2,P_Coal_Hardcoal,Emissions,GradualDevelopment_globalLimit,3.422417778,2.826455498,1.616100449,0.314303673,,,,
CZ,Power,CO2,P_Coal_Lignite,Emissions,GradualDevelopment_globalLimit,24.56827886,19.35824385,11.06335539,2.150657845,,,,
CZ,Power,CO2,P_Gas,Emissions,GradualDevelopment_globalLimit,1.381684966,1.127561456,0.179188708,1.453030947,,,,
CZ,Industry,CO2,HLI_Gas_Boiler,Emissions,GradualDevelopment_globalLimit,2.402488896,2.462086033,2.515524938,2.471565589,2.432749797,1.143037294,,
CZ,Industry,CO2,HLI_Hardcoal,Emissions,GradualDevelopment_globalLimit,0.05847279,0.023704088,0.004577559,0.000692722,0.001375823,,,
CZ,Industry,CO2,HLI_Lignite,Emissions,GradualDevelopment_globalLimit,0.188118379,0.168237468,0.014708282,0.002195649,0.004360803,,,
CZ,Industry,CO2,HLI_Oil_Boiler,Emissions,GradualDevelopment_globalLimit,0.099036148,0.037724192,0.00073024,0.001450409,0.002880673,,,
CZ,Industry,CO2,HMI_Gas,Emissions,GradualDevelopment_globalLimit,11.04058124,13.45355089,13.86541682,11.13463185,4.708336951,1.99770374,,
CZ,Industry,CO2,HMI_HardCoal,Emissions,GradualDevelopment_globalLimit,7.296733046,1.479008388,,,,,,
CZ,Industry,CO2,HMI_Oil,Emissions,GradualDevelopment_globalLimit,0.282338451,0.107436861,,,,,,
CZ,Industry,CO2,HHI_BF_BOF,Emissions,GradualDevelopment_globalLimit,13.70651519,12.10378922,10.13391739,3.510009068,1.643297019,0.45488839,,
CZ,Industry,CO2,HHI_DRI_EAF,Emissions,GradualDevelopment_globalLimit,0.289884394,0.224047553,,,0.047290354,0.013128609,,
CZ,Buildings,CO2,HLR_Gas_Boiler,Emissions,GradualDevelopment_globalLimit,12.66150342,13.77087076,8.25274654,7.042449506,3.408601934,2.007092822,,
CZ,Buildings,CO2,HLR_Hardcoal,Emissions,GradualDevelopment_globalLimit,3.234058667,0.409729551,,,,,,
CZ,Buildings,CO2,HLR_Oil_Boiler,Emissions,GradualDevelopment_globalLimit,0.155361506,0.059152253,,,,,,
CZ,Transportation,CO2,FRT_Rail_Conv,Emissions,GradualDevelopment_globalLimit,0.92562641,0.743801798,,,,,,
CZ,Transportation,CO2,FRT_Road_ICE,Emissions,GradualDevelopment_globalLimit,45.91077955,44.6405565,32.43037974,19.7456726,,,,
CZ,Transportation,CO2,FRT_Road_PHEV,Emissions,GradualDevelopment_globalLimit,,0.005382399,2.568287938,2.513117233,1.787340404,,,
CZ,Transportation,CO2,FRT_Ship_Conv,Emissions,GradualDevelopment_globalLimit,0.047582741,0.050090997,0.05637546,0.007726917,0.003779659,,,
CZ,Transportation,CO2,PSNG_Air_Conv,Emissions,GradualDevelopment_globalLimit,0.102740397,0.097591077,0.088339361,0.041651976,0.087361315,0.005580441,,
CZ,Transportation,CO2,PSNG_Rail_Conv,Emissions,GradualDevelopment_globalLimit,0.284718269,0.213400432,,0.025914851,0.02196447,,,
CZ,Transportation,CO2,PSNG_Road_ICE,Emissions,GradualDevelopment_globalLimit,9.691202395,8.537150135,5.552591625,3.357156441,0.291237425,0.26648651,,
CZ,Transportation,CO2,PSNG_Road_PHEV,Emissions,GradualDevelopment_globalLimit,,,0.15533037,0.144763986,0.131223125,,,
DE,Power,CO2,P_Coal_Hardcoal,Emissions,GradualDevelopment_globalLimit,62.44326528,51.56971531,29.48634433,5.734585587,,,,
DE,Power,CO2,P_Coal_Lignite,Emissions,GradualDevelopment_globalLimit,102.9708274,81.13447418,46.36885086,9.013859665,,,,
DE,Power,CO2,P_Gas,Emissions,GradualDevelopment_globalLimit,20.76063683,16.94228024,1.776810433,3.288325657,1.537132313,,,
DE,Power,CO2,P_Oil,Emissions,GradualDevelopment_globalLimit,2.311496211,1.951405985,,,,,,
DE,Power,CO2,HLR_Hardcoal_CHP,Emissions,GradualDevelopment_globalLimit,27.80141419,23.47044559,13.71158183,2.723403839,,,,
DE,Power,CO2,HLR_Lignite_CHP,Emissions,GradualDevelopment_globalLimit,8.132129032,6.865287163,4.01074391,0.796616722,,,,
DE,Industry,CO2,HLI_Gas_Boiler,Emissions,GradualDevelopment_globalLimit,23.37494998,21.94989959,20.87969419,19.96932933,19.05191257,10.3302855,0.033163475,
DE,Industry,CO2,HLI_Hardcoal,Emissions,GradualDevelopment_globalLimit,1.524580538,0.46354661,0.087918691,0.017729359,0.035212477,,,
DE,Industry,CO2,HLI_Lignite,Emissions,GradualDevelopment_globalLimit,0.096556336,0.086392213,0.007540322,0.001132493,0.002249257,,,
DE,Industry,CO2,HLI_Oil_Boiler,Emissions,GradualDevelopment_globalLimit,0.865640318,0.109691266,0.006333718,0.012580075,0.024985427,,,
DE,Industry,CO2,HMI_Gas,Emissions,GradualDevelopment_globalLimit,112.0528279,119.049392,118.7279547,106.8174069,70.74045293,26.28183682,,
DE,Industry,CO2,HMI_HardCoal,Emissions,GradualDevelopment_globalLimit,22.10842616,13.87070415,,,,,,
DE,Industry,CO2,HMI_Oil,Emissions,GradualDevelopment_globalLimit,21.35897787,5.411720047,,,,,,
DE,Industry,CO2,HHI_BF_BOF,Emissions,GradualDevelopment_globalLimit,108.4449948,97.77261938,64.28724478,33.44095407,17.53721207,7.244918698,,
DE,Industry,CO2,HHI_DRI_EAF,Emissions,GradualDevelopment_globalLimit,3.751380275,2.158853485,,,1.223568492,1.998300273,,
DE,Buildings,CO2,HLR_Gas_Boiler,Emissions,GradualDevelopment_globalLimit,119.6859134,110.5781523,113.1106032,101.1505247,74.72325639,48.89491499,31.84971721,
DE,Buildings,CO2,HLR_Hardcoal,Emissions,GradualDevelopment_globalLimit,3.314784,1.259872279,,,,,,
DE,Buildings,CO2,HLR_Hardcoal_CHP,Emissions,GradualDevelopment_globalLimit,27.80141419,23.47044559,13.71158183,2.723403839,,,,
DE,Buildings,CO2,HLR_Lignite_CHP,Emissions,GradualDevelopment_globalLimit,8.132129032,6.865287163,4.01074391,0.796616722,,,,
DE,Buildings,CO2,HLR_Oil_Boiler,Emissions,GradualDevelopment_globalLimit,53.95218042,20.50467388,,,,,,
DE,Transportation,CO2,FRT_Rail_Conv,Emissions,GradualDevelopment_globalLimit,13.05531346,10.55637194,,,,,,
DE,Transportation,CO2,FRT_Road_ICE,Emissions,GradualDevelopment_globalLimit,469.1567686,454.4007901,330.0613363,200.9622809,,,,
DE,Transportation,CO2,FRT_Road_PHEV,Emissions,GradualDevelopment_globalLimit,,,26.13884128,25.57733948,18.19072015,,,
DE,Transportation,CO2,FRT_Ship_Conv,Emissions,GradualDevelopment_globalLimit,12.91908497,12.98190977,13.30340978,1.411977026,1.02588287,0.401235549,,
DE,Transportation,CO2,PSNG_Air_Conv,Emissions,GradualDevelopment_globalLimit,5.397287101,5.126776586,4.168401444,3.889324661,3.291859472,0.070820171,,
DE,Transportation,CO2,PSNG_Rail_Conv,Emissions,GradualDevelopment_globalLimit,1.583701029,1.155033424,0.03051347,0.251742886,0.122172537,,,
DE,Transportation,CO2,PSNG_Road_ICE,Emissions,GradualDevelopment_globalLimit,106.7890045,93.57264044,60.86298461,36.80317106,3.201780809,2.936462187,,
DE,Transportation,CO2,PSNG_Road_PHEV,Emissions,GradualDevelopment_globalLimit,,,1.702520469,1.586706127,1.438289603,,,
DK,Power,CO2,P_Coal_Hardcoal,Emissions,GradualDevelopment_globalLimit,4.30407296,3.554583769,2.032426984,0.395272007,,,,
DK,Power,CO2,P_Gas,Emissions,GradualDevelopment_globalLimit,0.694714543,0.566940628,,,,,,
DK,Industry,CO2,HLI_Gas_Boiler,Emissions,GradualDevelopment_globalLimit,1.274719031,1.34821344,1.557353113,1.559311439,1.563886559,0.476447563,,
DK,Industry,CO2,HLI_Hardcoal,Emissions,GradualDevelopment_globalLimit,0.077573901,0.031605451,0.006103412,0.000909198,0.001805768,,,
DK,Industry,CO2,HLI_Oil_Boiler,Emissions,GradualDevelopment_globalLimit,0.326348255,0.280627281,0.00239191,0.004750828,0.009435673,,,
DK,Industry,CO2,HMI_Gas,Emissions,GradualDevelopment_globalLimit,4.08259262,4.161360815,4.116306947,3.413024925,3.03485602,0.421204231,,
DK,Industry,CO2,HMI_HardCoal,Emissions,GradualDevelopment_globalLimit,0.453845946,0.138071248,,,,,,
DK,Industry,CO2,HMI_Oil,Emissions,GradualDevelopment_globalLimit,0.310758726,0.118219055,,,,,,
DK,Industry,CO2,HHI_BF_BOF,Emissions,GradualDevelopment_globalLimit,0.516109197,0.445160473,0.203058947,0.126294511,0.038958202,0.006809977,,
DK,Industry,CO2,HHI_DRI_EAF,Emissions,GradualDevelopment_globalLimit,0.066507835,0.089686159,0.00061835,0.016454306,0.007518611,,,
DK,Buildings,CO2,HLR_Gas_Boiler,Emissions,GradualDevelopment_globalLimit,9.478275739,9.319091238,8.311165591,3.96078111,3.539233202,1.852990233,0.270021167,
DK,Buildings,CO2,HLR_Oil_Boiler,Emissions,GradualDevelopment_globalLimit,0.8690448,0.220282871,0.006363524,0.012639275,0.025103005,,,
DK,Transportation,CO2,FRT_Rail_Conv,Emissions,GradualDevelopment_globalLimit,0.284747733,0.221773144,,,,,,
DK,Transportation,CO2,FRT_Road_ICE,Emissions,GradualDevelopment_globalLimit,23.83193701,21.73657699,17.52759127,10.25835128,,,,
DK,Transportation,CO2,FRT_Road_PHEV,Emissions,GradualDevelopment_globalLimit,,1.086371369,1.334287284,1.305624777,0.928566279,,,
DK,Transportation,CO2,FRT_Ship_Conv,Emissions,GradualDevelopment_globalLimit,0.23645578,0.248920206,0.228272962,0.067520266,0.018776619,0.006591055,,
DK,Transportation,CO2,PSNG_Air_Conv,Emissions,GradualDevelopment_globalLimit,0.150828876,0.143269375,0.129687318,0.093053117,0.08698011,0.004594531,,
DK,Transportation,CO2,PSNG_Rail_Conv,Emissions,GradualDevelopment_globalLimit,0.110642551,0.080694425,,0.017588165,0.008535656,,,
DK,Transportation,CO2,PSNG_Road_ICE,Emissions,GradualDevelopment_globalLimit,7.720884844,6.769384931,4.403222858,2.662853076,0.232181354,0.212307789,,
DK,Transportation,CO2,PSNG_Road_PHEV,Emissions,GradualDevelopment_globalLimit,,,0.123166519,0.114788089,0.104051098,,,
EE,Power,CO2,P_Oil,Emissions,GradualDevelopment_globalLimit,4.381519074,3.698955898,,,,,,
EE,Industry,CO2,HLI_Gas_Boiler,Emissions,GradualDevelopment_globalLimit,0.208624951,0.235871189,0.253429038,0.245546004,0.238458625,0.074638416,,
EE,Industry,CO2,HLI_Oil_Boiler,Emissions,GradualDevelopment_globalLimit,0.052959853,0.027495252,0.000394926,0.000784405,0.001557915,,,
EE,Industry,CO2,HMI_Gas,Emissions,GradualDevelopment_globalLimit,0.777719053,0.91163857,0.978792436,0.95729766,0.795729034,,,
EE,Industry,CO2,HMI_Oil,Emissions,GradualDevelopment_globalLimit,0.441867728,0.170808544,,,,,,
EE,Industry,CO2,HHI_DRI_EAF,Emissions,GradualDevelopment_globalLimit,0.009889176,0.00602736,0.001746361,0.00106033,0.000665614,,,
EE,Buildings,CO2,HLR_Gas_Boiler,Emissions,GradualDevelopment_globalLimit,1.980847683,1.870293015,1.731267891,1.084636101,0.781215824,0.124739538,0.229151191,
EE,Buildings,CO2,HLR_Oil_Boiler,Emissions,GradualDevelopment_globalLimit,0.115969224,0.044116597,0.000849463,0.00168721,0.003350987,,,
EE,Transportation,CO2,FRT_Rail_Conv,Emissions,GradualDevelopment_globalLimit,0.335263093,0.275804373,,,,,,
EE,Transportation,CO2,FRT_Road_ICE,Emissions,GradualDevelopment_globalLimit,6.116697631,5.891770428,4.59150889,2.657692139,0.008718979,,,
EE,Transportation,CO2,FRT_Road_PHEV,Emissions,GradualDevelopment_globalLimit,,,0.275570302,0.271339243,0.22706947,,,
EE,Transportation,CO2,FRT_Ship_Conv,Emissions,GradualDevelopment_globalLimit,0.090481287,0.095250877,0.088345258,0.015980851,0.007186567,0.002810003,,
EE,Transportation,CO2,PSNG_Air_Conv,Emissions,GradualDevelopment_globalLimit,0.027485841,0.026616906,0.024054684,0.016957764,0.01585098,0.000709764,,
EE,Transportation,CO2,PSNG_Rail_Conv,Emissions,GradualDevelopment_globalLimit,0.00672087,0.005190036,0.003666697,0.001068482,0.000518542,,,
EE,Transportation,CO2,PSNG_Road_ICE,Emissions,GradualDevelopment_globalLimit,1.501845343,1.318187857,0.856898077,0.518110484,0.044890793,0.041275874,,
EE,Transportation,CO2,PSNG_Road_PHEV,Emissions,GradualDevelopment_globalLimit,,,0.023983953,0.022352439,0.020261648,,,
ES,Power,CO2,P_Coal_Hardcoal,Emissions,GradualDevelopment_globalLimit,39.65126458,32.74659672,18.72373002,3.641442665,,,,
ES,Power,CO2,P_Gas,Emissions,GradualDevelopment_globalLimit,19.29249596,15.74416411,4.134186604,13.12219941,17.16323449,,,
ES,Power,CO2,P_Oil,Emissions,GradualDevelopment_globalLimit,11.84930919,10.00339639,,,,,,
ES,Industry,CO2,HLI_Gas_Boiler,Emissions,GradualDevelopment_globalLimit,4.453697633,7.724727263,7.848379765,7.409238691,6.970151839,3.240157043,,
ES,Industry,CO2,HLI_Hardcoal,Emissions,GradualDevelopment_globalLimit,0.078743357,0.047934934,0.006190603,0.000930845,0.001848763,,,
ES,Industry,CO2,HLI_Oil_Boiler,Emissions,GradualDevelopment_globalLimit,1.516553498,0.85346029,0.011095184,0.022037332,0.043768589,,,
ES,Industry,CO2,HMI_Gas,Emissions,GradualDevelopment_globalLimit,48.31879093,42.03670126,38.88542876,36.77207201,27.97583133,13.66592948,,
ES,Industry,CO2,HMI_HardCoal,Emissions,GradualDevelopment_globalLimit,5.880949022,2.384095494,,,,,,
ES,Industry,CO2,HMI_Oil,Emissions,GradualDevelopment_globalLimit,4.899411994,8.704258267,,,,,,
ES,Industry,CO2,HHI_BF_BOF,Emissions,GradualDevelopment_globalLimit,31.97706711,29.77585706,11.58042755,7.341103153,1.745675419,0.376323155,,
ES,Industry,CO2,HHI_DRI_EAF,Emissions,GradualDevelopment_globalLimit,1.592046443,0.060741278,,0.333775308,0.161479258,0.038946206,,
ES,Buildings,CO2,HLR_Gas_Boiler,Emissions,GradualDevelopment_globalLimit,14.68743163,18.2660751,22.4845851,10.46846731,8.341754946,4.02340097,,
ES,Buildings,CO2,HLR_Oil_Boiler,Emissions,GradualDevelopment_globalLimit,11.53938616,7.71501931,0.084394934,0.167625801,0.332923465,,,
ES,Transportation,CO2,FRT_Rail_Conv,Emissions,GradualDevelopment_globalLimit,8.027058475,6.603464205,,,,,,
ES,Transportation,CO2,FRT_Road_ICE,Emissions,GradualDevelopment_globalLimit,146.4494323,141.064098,103.4774625,63.6319675,0.208754715,,,
ES,Transportation,CO2,FRT_Road_PHEV,Emissions,GradualDevelopment_globalLimit,,,6.59785995,6.496557532,5.436625596,,,
ES,Transportation,CO2,FRT_Ship_Conv,Emissions,GradualDevelopment_globalLimit,2.166354108,2.280550349,2.1152121,0.382631239,0.172027594,0.067281439,,
ES,Transportation,CO2,PSNG_Air_Conv,Emissions,GradualDevelopment_globalLimit,1.020877363,0.969711276,0.877781834,0.62982251,0.588718132,0.026362028,,
ES,Transportation,CO2,PSNG_Rail_Conv,Emissions,GradualDevelopment_globalLimit,0.249626108,0.192768001,0.068098319,0.039680371,0.019257399,,,
ES,Transportation,CO2,PSNG_Road_ICE,Emissions,GradualDevelopment_globalLimit,55.7814442,48.96004953,31.82685389,19.24362663,1.667330983,1.533065896,,
ES,Transportation,CO2,PSNG_Road_PHEV,Emissions,GradualDevelopment_globalLimit,,,0.890810456,0.830212872,0.752556836,,,
FI,Power,CO2,P_Coal_Hardcoal,Emissions,GradualDevelopment_globalLimit,3.0998528,2.560060331,1.463781989,0.284680359,,,,
FI,Power,CO2,P_Gas,Emissions,GradualDevelopment_globalLimit,2.497751078,2.03835745,,,,,,
FI,Industry,CO2,HLI_Gas_Boiler,Emissions,GradualDevelopment_globalLimit,8.12388788,8.837789905,8.522481261,8.083194292,7.609116874,5.129147596,,
FI,Industry,CO2,HLI_Hardcoal,Emissions,GradualDevelopment_globalLimit,0.196078755,0.079540384,0.015345721,0.002294642,0.004557415,,,
FI,Industry,CO2,HLI_Oil_Boiler,Emissions,GradualDevelopment_globalLimit,1.516599739,0.192162292,0.011095184,0.022037332,0.043768589,,,
FI,Industry,CO2,HMI_Gas,Emissions,GradualDevelopment_globalLimit,7.678885828,11.02079169,9.79752665,5.570792775,3.821201325,0.560323905,,
FI,Industry,CO2,HMI_HardCoal,Emissions,GradualDevelopment_globalLimit,0.069153534,0.035205604,,,,,,
FI,Industry,CO2,HMI_Oil,Emissions,GradualDevelopment_globalLimit,7.371181856,0.265183232,,,,,,
FI,Industry,CO2,HHI_BF_BOF,Emissions,GradualDevelopment_globalLimit,10.7734646,9.62064739,3.275691864,2.534766209,0.860623658,0.198572298,,
FI,Industry,CO2,HHI_DRI_EAF,Emissions,GradualDevelopment_globalLimit,0.029908206,0.046305984,,,0.004912729,0.003799997,,
FI,Buildings,CO2,HLR_Gas_Boiler,Emissions,GradualDevelopment_globalLimit,10.99380778,10.97951346,6.5073514,4.029224183,2.570726191,1.371078607,,
FI,Buildings,CO2,HLR_Oil_Boiler,Emissions,GradualDevelopment_globalLimit,1.751335341,,,,,,,
FI,Transportation,CO2,FRT_Rail_Conv,Emissions,GradualDevelopment_globalLimit,0.752977358,0.61943725,,,,,,
FI,Transportation,CO2,FRT_Road_ICE,Emissions,GradualDevelopment_globalLimit,37.46638161,35.70427042,26.93561631,16.09918994,,,,
FI,Transportation,CO2,FRT_Road_PHEV,Emissions,GradualDevelopment_globalLimit,,0.458585575,2.093995793,2.049013599,1.457267789,,,
FI,Transportation,CO2,FRT_Ship_Conv,Emissions,GradualDevelopment_globalLimit,0.406429229,0.427853561,0.434030403,0.077595018,0.032274849,0.008818062,,
FI,Transportation,CO2,PSNG_Air_Conv,Emissions,GradualDevelopment_globalLimit,0.600078884,0.570003099,0.478454265,0.412296693,0.36029667,0.005734915,,
FI,Transportation,CO2,PSNG_Rail_Conv,Emissions,GradualDevelopment_globalLimit,0.09782132,0.075540256,0.007016741,,,,,
FI,Transportation,CO2,PSNG_Road_ICE,Emissions,GradualDevelopment_globalLimit,8.480692703,7.431109715,4.833458948,2.922738962,0.254270739,0.233200014,,
FI,Transportation,CO2,PSNG_Road_PHEV,Emissions,GradualDevelopment_globalLimit,,,0.135206363,0.126008919,0.11422236,,,
FR,Power,CO2,P_Coal_Hardcoal,Emissions,GradualDevelopment_globalLimit,9.107129387,7.521260583,,,,,,
FR,Power,CO2,P_Gas,Emissions,GradualDevelopment_globalLimit,8.583694634,7.004956603,6.567231031,3.517365585,,,,
FR,Power,CO2,P_Oil,Emissions,GradualDevelopment_globalLimit,4.462349684,3.767194529,,,,,,
FR,Industry,CO2,HLI_Gas_Boiler,Emissions,GradualDevelopment_globalLimit,15.15652598,15.17626134,15.63121798,15.05676415,12.16581468,8.114057386,,
FR,Industry,CO2,HLI_Hardcoal,Emissions,GradualDevelopment_globalLimit,0.80926341,0.410212412,0.063170312,0.009416693,0.018702598,,,
FR,Industry,CO2,HLI_Oil_Boiler,Emissions,GradualDevelopment_globalLimit,2.331798526,1.477155707,0.017056331,0.033877402,0.067284285,,,
FR,Industry,CO2,HMI_Gas,Emissions,GradualDevelopment_globalLimit,54.11095944,62.1169908,61.10224049,48.47304301,20.7016213,9.573510061,,
FR,Industry,CO2,HMI_HardCoal,Emissions,GradualDevelopment_globalLimit,10.53535453,2.135464662,,,,,,
FR,Industry,CO2,HMI_Oil,Emissions,GradualDevelopment_globalLimit,5.444755995,2.069411077,,,,,,
FR,Industry,CO2,HHI_BF_BOF,Emissions,GradualDevelopment_globalLimit,45.29664035,41.40889851,26.18737826,12.26919864,6.071759225,2.452997354,0.134228359,
FR,Industry,CO2,HHI_DRI_EAF,Emissions,GradualDevelopment_globalLimit,1.377531904,0.400054799,,,0.224661221,0.260712809,,
FR,Buildings,CO2,HLR_Gas_Boiler,Emissions,GradualDevelopment_globalLimit,78.44896926,75.34152917,78.5323597,41.51155901,33.69500199,19.14962557,,
FR,Buildings,CO2,HLR_Hardcoal,Emissions,GradualDevelopment_globalLimit,0.246010453,0.093631148,0.024064881,,,,,
FR,Buildings,CO2,HLR_Oil_Boiler,Emissions,GradualDevelopment_globalLimit,23.18922249,14.68857586,0.169587172,0.336835211,0.668992155,,,
FR,Transportation,CO2,FRT_Rail_Conv,Emissions,GradualDevelopment_globalLimit,6.164383876,4.895212202,0.024741075,,,,,
FR,Transportation,CO2,FRT_Road_ICE,Emissions,GradualDevelopment_globalLimit,375.2873491,366.8602354,265.0617468,161.3864072,,,,
FR,Transportation,CO2,FRT_Road_PHEV,Emissions,GradualDevelopment_globalLimit,,,20.99127092,20.54034671,14.60838798,,,
FR,Transportation,CO2,FRT_Ship_Conv,Emissions,GradualDevelopment_globalLimit,3.914477184,3.296658575,3.354678003,0.590944207,0.24867336,0.09725858,,
FR,Transportation,CO2,PSNG_Air_Conv,Emissions,GradualDevelopment_globalLimit,4.960633299,4.71200775,3.831167515,3.574668567,3.025539809,0.065090645,,
FR,Transportation,CO2,PSNG_Rail_Conv,Emissions,GradualDevelopment_globalLimit,1.779036992,1.31137388,0.41629398,0.282793323,0.137241526,,,
FR,Transportation,CO2,PSNG_Road_ICE,Emissions,GradualDevelopment_globalLimit,95.86696462,83.96682431,54.61349886,33.0217812,2.868248896,2.636129534,,
FR,Transportation,CO2,PSNG_Road_PHEV,Emissions,GradualDevelopment_globalLimit,,,1.527746107,1.42382083,1.290640189,,,
GR,Power,CO2,P_Coal_Lignite,Emissions,GradualDevelopment_globalLimit,16.15107796,12.72602397,7.273000944,1.413832964,,,,
GR,Power,CO2,P_Gas,Emissions,GradualDevelopment_globalLimit,3.505182939,2.860499519,6.163693394,1.579013597,1.552710623,,,
GR,Power,CO2,P_Oil,Emissions,GradualDevelopment_globalLimit,2.713241937,2.290566832,,,,,,
GR,Industry,CO2,HLI_Gas_Boiler,Emissions,GradualDevelopment_globalLimit,0.855537022,1.09636967,1.260388182,1.247575395,1.058982937,0.276567266,,
GR,Industry,CO2,HLI_Oil_Boiler,Emissions,GradualDevelopment_globalLimit,0.647297567,0.268965605,0.004739112,0.009412856,0.018694978,,,
GR,Industry,CO2,HMI_Gas,Emissions,GradualDevelopment_globalLimit,5.665247769,6.130159877,4.374354431,2.563263286,0.92039468,0.362046373,,
GR,Industry,CO2,HMI_Oil,Emissions,GradualDevelopment_globalLimit,2.571381196,0.325776288,,,,,,
GR,Industry,CO2,HHI_BF_BOF,Emissions,GradualDevelopment_globalLimit,6.393020593,5.991351966,2.803971681,1.785481597,0.690688255,0.016611894,,
GR,Industry,CO2,HHI_DRI_EAF,Emissions,GradualDevelopment_globalLimit,0.110904094,0.022182779,,0.037439347,0.018113017,,,
GR,Buildings,CO2,HLR_Gas_Boiler,Emissions,GradualDevelopment_globalLimit,7.586265249,8.914375067,5.523956768,3.108760756,2.559289671,1.339372336,0.272598384,
GR,Buildings,CO2,HLR_Hardcoal,Emissions,GradualDevelopment_globalLimit,0.0196768,0.002545995,,,,,,
GR,Buildings,CO2,HLR_Oil_Boiler,Emissions,GradualDevelopment_globalLimit,4.537908141,0.574896277,0.023427282,0.04653143,0.092416589,,,
GR,Transportation,CO2,FRT_Rail_Conv,Emissions,GradualDevelopment_globalLimit,0.131362973,0.110836743,,,,,,
GR,Transportation,CO2,FRT_Road_ICE,Emissions,GradualDevelopment_globalLimit,40.96089139,38.76156237,25.34002329,13.99970867,,,,
GR,Transportation,CO2,FRT_Road_PHEV,Emissions,GradualDevelopment_globalLimit,,,4.843477204,4.701380095,1.55652318,,,
GR,Transportation,CO2,FRT_Ship_Conv,Emissions,GradualDevelopment_globalLimit,0.141809714,0.154723202,0.119154408,0.023028701,0.011261723,0.004403849,,
GR,Transportation,CO2,PSNG_Air_Conv,Emissions,GradualDevelopment_globalLimit,0.893352192,0.86510984,0.716679163,0.601028297,0.515176983,0.009832479,,
GR,Transportation,CO2,PSNG_Rail_Conv,Emissions,GradualDevelopment_globalLimit,0.242715008,0.178059509,0.000219474,0.038581677,0.018724195,,,
GR,Transportation,CO2,PSNG_Road_ICE,Emissions,GradualDevelopment_globalLimit,14.38710171,12.60120466,8.196045071,4.955697999,0.430448474,0.395613554,,
GR,Transportation,CO2,PSNG_Road_PHEV,Emissions,GradualDevelopment_globalLimit,,,0.229274377,0.213677936,0.193691036,,,
HR,Power,CO2,P_Coal_Hardcoal,Emissions,GradualDevelopment_globalLimit,1.38887936,1.147027031,0.655842946,0.127550145,,,,
HR,Power,CO2,P_Gas,Emissions,GradualDevelopment_globalLimit,0.333442924,0.272115134,0.827843493,0.157239299,,,,
HR,Power,CO2,P_Oil,Emissions,GradualDevelopment_globalLimit,0.115428211,0.097446537,,,,,,
HR,Industry,CO2,HLI_Gas_Boiler,Emissions,GradualDevelopment_globalLimit,0.480953903,0.552890441,0.600960851,0.574203303,0.548299966,0.031839843,,
HR,Industry,CO2,HLI_Hardcoal,Emissions,GradualDevelopment_globalLimit,0.006894698,0.003731199,0.000610341,,,,,
HR,Industry,CO2,HLI_Lignite,Emissions,GradualDevelopment_globalLimit,0.025803848,0.023148153,0.002047989,0.000323569,0.000642645,,,
HR,Industry,CO2,HLI_Oil_Boiler,Emissions,GradualDevelopment_globalLimit,0.20626569,0.098583293,0.001512641,0.003004418,0.005967108,,,
HR,Industry,CO2,HMI_Gas,Emissions,GradualDevelopment_globalLimit,3.25422199,3.209224711,3.045628947,2.279466838,1.277904641,0.086110969,,
HR,Industry,CO2,HMI_HardCoal,Emissions,GradualDevelopment_globalLimit,0.102695068,0.041780425,,,,,,
HR,Industry,CO2,HMI_Oil,Emissions,GradualDevelopment_globalLimit,0.255076339,0.097039745,,,,,,
HR,Industry,CO2,HHI_BF_BOF,Emissions,GradualDevelopment_globalLimit,0.147336414,0.134141596,0.054024729,0.034778452,0.008883643,0.001534643,,
HR,Industry,CO2,HHI_DRI_EAF,Emissions,GradualDevelopment_globalLimit,0.060292629,0.061089203,0.01140422,0.015828193,0.005996449,,,
HR,Buildings,CO2,HLR_Gas_Boiler,Emissions,GradualDevelopment_globalLimit,1.588151842,1.363149061,1.144878349,0.913284398,0.861457915,0.609038383,,
HR,Buildings,CO2,HLR_Hardcoal,Emissions,GradualDevelopment_globalLimit,0.012815147,0.001668065,0.001307874,,,,,
HR,Buildings,CO2,HLR_Oil_Boiler,Emissions,GradualDevelopment_globalLimit,0.342112659,0.043366314,0.002503682,0.00497283,0.009876592,,,
HR,Transportation,CO2,FRT_Rail_Conv,Emissions,GradualDevelopment_globalLimit,0.201180414,0.165277833,,,,,,
HR,Transportation,CO2,FRT_Road_ICE,Emissions,GradualDevelopment_globalLimit,10.53712002,10.00292309,7.752702486,4.527768345,,,,
HR,Transportation,CO2,FRT_Road_PHEV,Emissions,GradualDevelopment_globalLimit,,0.159216441,0.58891956,0.576268678,0.409844905,,,
HR,Transportation,CO2,FRT_Ship_Conv,Emissions,GradualDevelopment_globalLimit,0.137165962,0.132363429,0.147254549,0.022862436,0.010892834,0.004260327,,
HR,Transportation,CO2,PSNG_Air_Conv,Emissions,GradualDevelopment_globalLimit,0.198669211,0.188711966,0.156332862,0.133660518,0.11456835,0.002186608,,
HR,Transportation,CO2,PSNG_Rail_Conv,Emissions,GradualDevelopment_globalLimit,0.053976471,0.03959798,4.83926E-05,0.008580084,0.004163973,,,
HR,Transportation,CO2,PSNG_Road_ICE,Emissions,GradualDevelopment_globalLimit,3.199493064,2.802334183,1.822687424,1.10207891,0.095725806,0.087978765,,
HR,Transportation,CO2,PSNG_Road_PHEV,Emissions,GradualDevelopment_globalLimit,,,0.05098746,0.047519027,0.043074216,,,
HU,Power,CO2,P_Coal_Hardcoal,Emissions,GradualDevelopment_globalLimit,0.0484352,0.040000943,0.022871594,0.004448131,,,,
HU,Power,CO2,P_Coal_Lignite,Emissions,GradualDevelopment_globalLimit,3.954582857,3.115960207,1.780790417,0.34617625,,,,
HU,Power,CO2,P_Gas,Emissions,GradualDevelopment_globalLimit,1.422912662,1.161206435,4.041330948,3.079852509,,,,
HU,Industry,CO2,HLI_Gas_Boiler,Emissions,GradualDevelopment_globalLimit,1.727058688,1.467232009,1.568002247,1.604890409,1.640151882,0.512688796,,
HU,Industry,CO2,HLI_Hardcoal,Emissions,GradualDevelopment_globalLimit,0.018321474,0.009437739,0.001482257,0.000238123,0.000472939,,,
HU,Industry,CO2,HLI_Lignite,Emissions,GradualDevelopment_globalLimit,0.001248573,,,,,,,
HU,Industry,CO2,HLI_Oil_Boiler,Emissions,GradualDevelopment_globalLimit,0.231201888,0.146605153,0.001698927,0.00337442,0.006701973,,,
HU,Industry,CO2,HMI_Gas,Emissions,GradualDevelopment_globalLimit,8.165874311,9.907827644,10.53468901,8.517275518,5.179170871,1.249094937,,
HU,Industry,CO2,HMI_HardCoal,Emissions,GradualDevelopment_globalLimit,0.006625488,0.000699449,,,,,,
HU,Industry,CO2,HMI_Oil,Emissions,GradualDevelopment_globalLimit,6.049759524,1.532868569,,,,,,
HU,Industry,CO2,HHI_BF_BOF,Emissions,GradualDevelopment_globalLimit,4.91435999,4.451559467,3.069099347,1.28760746,0.484747598,0.081863595,,
HU,Industry,CO2,HHI_DRI_EAF,Emissions,GradualDevelopment_globalLimit,0.114905906,0.1697609,,0.038808002,0.018796527,,,
HU,Buildings,CO2,HLR_Gas_Boiler,Emissions,GradualDevelopment_globalLimit,11.3525633,11.42003257,9.28449724,4.573221441,3.984417189,2.39838732,0.677823931,
HU,Buildings,CO2,HLR_Hardcoal,Emissions,GradualDevelopment_globalLimit,0.404333013,0.051271064,0.033180136,,,,,
HU,Buildings,CO2,HLR_Oil_Boiler,Emissions,GradualDevelopment_globalLimit,0.323347859,0.040995423,,,,,,
HU,Transportation,CO2,FRT_Rail_Conv,Emissions,GradualDevelopment_globalLimit,0.579203037,0.475838681,,,,,,
HU,Transportation,CO2,FRT_Road_ICE,Emissions,GradualDevelopment_globalLimit,30.33661082,28.79864558,22.31251909,13.03554917,,,,
HU,Transportation,CO2,FRT_Road_PHEV,Emissions,GradualDevelopment_globalLimit,,0.458387793,1.695512955,1.659090775,1.179952904,,,
HU,Transportation,CO2,FRT_Ship_Conv,Emissions,GradualDevelopment_globalLimit,0.394903958,0.381077356,0.423950781,0.065818974,0.031359388,0.012265436,,
HU,Transportation,CO2,PSNG_Air_Conv,Emissions,GradualDevelopment_globalLimit,0.312693848,0.29702172,0.268863812,0.228043729,0.221008537,0.005162391,,
HU,Transportation,CO2,PSNG_Rail_Conv,Emissions,GradualDevelopment_globalLimit,0.140177143,0.093487396,0.001029124,0.022282538,0.010814112,,,
HU,Transportation,CO2,PSNG_Road_ICE,Emissions,GradualDevelopment_globalLimit,7.643650872,6.616067903,4.30320689,2.601912702,0.226000323,0.209632478,,
HU,Transportation,CO2,PSNG_Road_PHEV,Emissions,GradualDevelopment_globalLimit,,,0.120376971,0.1121883,0.101694487,,,
IE,Power,CO2,P_Coal_Hardcoal,Emissions,GradualDevelopment_globalLimit,3.762416064,3.107248227,1.776651094,,,,,
IE,Power,CO2,P_Gas,Emissions,GradualDevelopment_globalLimit,5.286720848,4.314371805,3.342440821,3.00809624,,,,
IE,Power,CO2,P_Oil,Emissions,GradualDevelopment_globalLimit,0.248498574,0.209786891,,,,,,
IE,Industry,CO2,HLI_Gas_Boiler,Emissions,GradualDevelopment_globalLimit,0.894519315,0.916980186,1.035995857,1.007762716,1.002079405,0.277304684,,
IE,Industry,CO2,HLI_Hardcoal,Emissions,GradualDevelopment_globalLimit,0.050286599,0.020543543,0.003967218,0.000606132,0.001203845,,,
IE,Industry,CO2,HLI_Oil_Boiler,Emissions,GradualDevelopment_globalLimit,0.229194066,0.203356503,0.001684024,0.00334482,0.006643184,,,
IE,Industry,CO2,HMI_Gas,Emissions,GradualDevelopment_globalLimit,3.245721609,3.683200665,3.39401089,2.718742172,2.183872758,0.091892648,,
IE,Industry,CO2,HMI_HardCoal,Emissions,GradualDevelopment_globalLimit,0.097311859,0.049427735,,,,,,
IE,Industry,CO2,HMI_Oil,Emissions,GradualDevelopment_globalLimit,1.196415287,0.151592512,,,,,,
IE,Industry,CO2,HHI_BF_BOF,Emissions,GradualDevelopment_globalLimit,3.62239875,2.920658977,0.908997102,0.695573167,0.216348706,0.033401944,,
IE,Industry,CO2,HHI_DRI_EAF,Emissions,GradualDevelopment_globalLimit,0.085808069,,,,0.005553519,,,
IE,Buildings,CO2,HLR_Gas_Boiler,Emissions,GradualDevelopment_globalLimit,4.760787195,5.781967232,4.389197725,3.294772582,2.342608502,1.008187802,,
IE,Buildings,CO2,HLR_Hardcoal,Emissions,GradualDevelopment_globalLimit,1.60774592,0.611170403,0.030879798,0.023379374,0.046434035,,,
IE,Buildings,CO2,HLR_Oil_Boiler,Emissions,GradualDevelopment_globalLimit,3.488528094,1.325838782,0.025513708,0.050675503,0.100647179,,,
IE,Transportation,CO2,FRT_Rail_Conv,Emissions,GradualDevelopment_globalLimit,0.123104709,0.09954101,,,,,,
IE,Transportation,CO2,FRT_Road_ICE,Emissions,GradualDevelopment_globalLimit,11.16184119,10.86372066,7.587320735,4.525303006,,,,
IE,Transportation,CO2,FRT_Road_PHEV,Emissions,GradualDevelopment_globalLimit,,,0.863241236,0.831062761,0.434899997,,,
IE,Transportation,CO2,FRT_Ship_Conv,Emissions,GradualDevelopment_globalLimit,0.132894705,0.116583382,0.121149848,0.017759293,0.008795384,0.003440743,,
IE,Transportation,CO2,PSNG_Air_Conv,Emissions,GradualDevelopment_globalLimit,0.314881822,0.299100033,0.243187701,0.226906751,0.192050076,0.004131702,,
IE,Transportation,CO2,PSNG_Rail_Conv,Emissions,GradualDevelopment_globalLimit,0.102660354,0.075313235,0.00494007,0.016319279,0.007919857,,,
IE,Transportation,CO2,PSNG_Road_ICE,Emissions,GradualDevelopment_globalLimit,6.157707872,5.394494073,3.506005345,2.119070282,0.18206535,0.168879451,,
IE,Transportation,CO2,PSNG_Road_PHEV,Emissions,GradualDevelopment_globalLimit,,,0.098150875,0.09147414,0.082917878,,,
IT,Power,CO2,P_Coal_Hardcoal,Emissions,GradualDevelopment_globalLimit,26.15561344,21.60100906,12.35094642,,,,,
IT,Power,CO2,P_Gas,Emissions,GradualDevelopment_globalLimit,31.11743967,25.39422985,28.77061307,29.08100714,3.428167345,,,
IT,Power,CO2,P_Oil,Emissions,GradualDevelopment_globalLimit,6.110349726,5.158465313,,,,,,
IT,Industry,CO2,HLI_Gas_Boiler,Emissions,GradualDevelopment_globalLimit,12.04887665,10.7492452,10.89915158,10.74126953,10.86934782,5.528790908,,
IT,Industry,CO2,HLI_Hardcoal,Emissions,GradualDevelopment_globalLimit,0.000664883,,,,,,,
IT,Industry,CO2,HLI_Oil_Boiler,Emissions,GradualDevelopment_globalLimit,0.974703687,0.740978757,0.007131022,0.014163685,0.028130651,,,
IT,Industry,CO2,HMI_Gas,Emissions,GradualDevelopment_globalLimit,57.25609176,56.53145307,54.85659208,47.69799703,32.75614777,6.541735459,,
IT,Industry,CO2,HMI_HardCoal,Emissions,GradualDevelopment_globalLimit,0.036854278,0.003777025,,,,,,
IT,Industry,CO2,HMI_Oil,Emissions,GradualDevelopment_globalLimit,9.338931914,3.549395552,,,,,,
IT,Industry,CO2,HHI_BF_BOF,Emissions,GradualDevelopment_globalLimit,32.09043077,29.83510133,17.90686309,8.040464587,2.573318771,0.849272229,,
IT,Industry,CO2,HHI_DRI_EAF,Emissions,GradualDevelopment_globalLimit,1.900789809,1.085516129,0.462870291,0.32918369,0.15925785,0.061626032,,
IT,Buildings,CO2,HLR_Gas_Boiler,Emissions,GradualDevelopment_globalLimit,76.44975358,70.8342905,64.86267745,54.84336779,36.40101143,25.99267669,4.115203714,
IT,Buildings,CO2,HLR_Oil_Boiler,Emissions,GradualDevelopment_globalLimit,8.486311812,3.225283355,,,,,,
IT,Transportation,CO2,FRT_Rail_Conv,Emissions,GradualDevelopment_globalLimit,3.571213147,2.912750601,0.220600038,,,,,
IT,Transportation,CO2,FRT_Road_ICE,Emissions,GradualDevelopment_globalLimit,265.3581106,250.5261908,197.1683354,114.2728937,,,,
IT,Transportation,CO2,FRT_Road_PHEV,Emissions,GradualDevelopment_globalLimit,,5.529781168,14.86329185,14.54400588,10.34376312,,,
IT,Transportation,CO2,FRT_Ship_Conv,Emissions,GradualDevelopment_globalLimit,0.51402888,0.541125173,0.557659989,0.129541281,0.040819158,,,
IT,Transportation,CO2,PSNG_Air_Conv,Emissions,GradualDevelopment_globalLimit,3.517706699,3.341400226,3.024632686,2.299345699,2.220704226,0.057318165,,
IT,Transportation,CO2,PSNG_Rail_Conv,Emissions,GradualDevelopment_globalLimit,1.003512642,0.774939476,0.038137821,0.159517054,0.077414713,,,
IT,Transportation,CO2,PSNG_Road_ICE,Emissions,GradualDevelopment_globalLimit,90.03517477,78.93949562,51.3470862,31.05219764,2.707525009,2.475768336,,
IT,Transportation,CO2,PSNG_Road_PHEV,Emissions,GradualDevelopment_globalLimit,,,1.436275673,1.338572694,1.21336595,,,
LT,Power,CO2,P_Gas,Emissions,GradualDevelopment_globalLimit,0.71424895,0.58288221,0.726609583,0.644927235,,,,
LT,Power,CO2,P_Oil,Emissions,GradualDevelopment_globalLimit,0.134872,0.113861328,,,,,,
LT,Industry,CO2,HLI_Gas_Boiler,Emissions,GradualDevelopment_globalLimit,0.429294406,0.426399471,0.41502755,0.371254976,0.339155044,0.100974239,,
LT,Industry,CO2,HLI_Hardcoal,Emissions,GradualDevelopment_globalLimit,0.00545746,0.002282616,0.000479554,,,,,
LT,Industry,CO2,HLI_Oil_Boiler,Emissions,GradualDevelopment_globalLimit,0.046838355,0.035653413,0.000350217,0.000695604,0.001381547,,,
LT,Industry,CO2,HMI_Gas,Emissions,GradualDevelopment_globalLimit,4.064590339,3.93168042,3.705299514,3.397245041,2.479144859,0.328260332,,
LT,Industry,CO2,HMI_HardCoal,Emissions,GradualDevelopment_globalLimit,0.021118744,0.002144977,,,,,,
LT,Industry,CO2,HMI_Oil,Emissions,GradualDevelopment_globalLimit,0.129599975,0.065891185,,,,,,
LT,Industry,CO2,HHI_DRI_EAF,Emissions,GradualDevelopment_globalLimit,0.044095768,0.014972885,0.004072145,0.001954044,0.001549487,,,
LT,Buildings,CO2,HLR_Gas_Boiler,Emissions,GradualDevelopment_globalLimit,2.594807289,2.534234447,2.383849595,1.305816532,1.062393144,0.679946399,,
LT,Buildings,CO2,HLR_Hardcoal,Emissions,GradualDevelopment_globalLimit,0.255899307,0.110354386,0.024980393,,,,,
LT,Buildings,CO2,HLR_Oil_Boiler,Emissions,GradualDevelopment_globalLimit,0.1243168,0.015785939,,,,,,
LT,Transportation,CO2,FRT_Rail_Conv,Emissions,GradualDevelopment_globalLimit,0.716777347,0.589657291,,,,,,
LT,Transportation,CO2,FRT_Road_ICE,Emissions,GradualDevelopment_globalLimit,13.07722323,12.45506323,9.240034978,5.682025741,0.018640782,,,
LT,Transportation,CO2,FRT_Road_PHEV,Emissions,GradualDevelopment_globalLimit,,,0.589156858,0.580111044,0.485464269,,,
LT,Transportation,CO2,FRT_Ship_Conv,Emissions,GradualDevelopment_globalLimit,0.193444903,0.203642073,0.18887817,0.034167245,0.015361986,0.006009025,,
LT,Transportation,CO2,PSNG_Air_Conv,Emissions,GradualDevelopment_globalLimit,0.070379417,0.068154449,0.0615937,0.043420632,0.04058679,0.001817402,,
LT,Transportation,CO2,PSNG_Rail_Conv,Emissions,GradualDevelopment_globalLimit,0.017209256,0.013289451,0.004694845,0.002735657,0.001327877,,,
LT,Transportation,CO2,PSNG_Road_ICE,Emissions,GradualDevelopment_globalLimit,3.845579958,3.37531213,2.194147413,1.326658102,0.114946013,0.105689761,,
LT,Transportation,CO2,PSNG_Road_PHEV,Emissions,GradualDevelopment_globalLimit,,,0.061412588,0.057234982,0.051881365,,,
LU,Power,CO2,P_Gas,Emissions,GradualDevelopment_globalLimit,0.233159338,0.190275996,0.165291734,0.197774543,0.144110909,,,
LU,Industry,CO2,HLI_Gas_Boiler,Emissions,GradualDevelopment_globalLimit,0.048968949,0.057710372,0.059286963,0.059497286,0.059535408,0.012159338,,
LU,Industry,CO2,HLI_Hardcoal,Emissions,GradualDevelopment_globalLimit,0.005067642,0.001053515,0.000435958,,,,,
LU,Industry,CO2,HLI_Oil_Boiler,Emissions,GradualDevelopment_globalLimit,0.001731142,,,,,,,
LU,Industry,CO2,HMI_Gas,Emissions,GradualDevelopment_globalLimit,0.783564854,0.799065161,0.792600457,0.763188612,0.573021939,0.063086867,,
LU,Industry,CO2,HMI_Oil,Emissions,GradualDevelopment_globalLimit,0.121058331,0.046209403,,,,,,
LU,Industry,CO2,HHI_BF_BOF,Emissions,GradualDevelopment_globalLimit,1.515412756,0.956131844,0.718373559,0.547719228,0.168162183,0.020381973,,
LU,Industry,CO2,HHI_DRI_EAF,Emissions,GradualDevelopment_globalLimit,0.118054252,0.149282164,0.03428871,0.019955878,0.00965458,,,
LU,Buildings,CO2,HLR_Gas_Boiler,Emissions,GradualDevelopment_globalLimit,1.292225702,1.618192208,0.987849254,0.663927717,0.612713717,0.197229318,0.057390341,
LU,Buildings,CO2,HLR_Hardcoal,Emissions,GradualDevelopment_globalLimit,0.002522667,,,,,,,
LU,Buildings,CO2,HLR_Oil_Boiler,Emissions,GradualDevelopment_globalLimit,0.703542024,0.089133532,0.00514894,0.010226861,0.020311682,,,
LU,Transportation,CO2,FRT_Rail_Conv,Emissions,GradualDevelopment_globalLimit,0.029930062,0.023990649,,,,,,
LU,Transportation,CO2,FRT_Road_ICE,Emissions,GradualDevelopment_globalLimit,2.899072245,2.626011158,2.030536616,1.236319511,,,,
LU,Transportation,CO2,FRT_Road_PHEV,Emissions,GradualDevelopment_globalLimit,,0.125950876,0.160806094,0.157351736,0.11190927,,,
LU,Transportation,CO2,FRT_Ship_Conv,Emissions,GradualDevelopment_globalLimit,0.109854927,0.112244425,0.116216187,0.006524502,0.008586251,0.003412416,,
LU,Transportation,CO2,PSNG_Air_Conv,Emissions,GradualDevelopment_globalLimit,0.025644867,0.024359554,0.022050248,0.016924055,0.01621302,1.47185E-05,,
LU,Transportation,CO2,PSNG_Rail_Conv,Emissions,GradualDevelopment_globalLimit,0.009754442,0.007532642,0.000370393,0.001550357,0.000752643,,,
LU,Transportation,CO2,PSNG_Road_ICE,Emissions,GradualDevelopment_globalLimit,0.885002058,0.780469376,0.507490145,0.306859266,0.0266389,0.024335847,,
LU,Transportation,CO2,PSNG_Road_PHEV,Emissions,GradualDevelopment_globalLimit,,,0.014200359,0.013234376,0.011996466,,,
LV,Power,CO2,P_Gas,Emissions,GradualDevelopment_globalLimit,0.978851371,0.798818186,1.354520283,1.209219194,,,,
LV,Industry,CO2,HLI_Gas_Boiler,Emissions,GradualDevelopment_globalLimit,0.085865213,0.099215105,0.093447456,0.082583908,0.072114074,0.007100434,,
LV,Industry,CO2,HLI_Hardcoal,Emissions,GradualDevelopment_globalLimit,0.000816828,,,,,,,
LV,Industry,CO2,HLI_Oil_Boiler,Emissions,GradualDevelopment_globalLimit,0.013987796,0.005402032,,,,,,
LV,Industry,CO2,HMI_Gas,Emissions,GradualDevelopment_globalLimit,1.324417249,1.463478662,1.572231107,1.574484624,1.218122955,0.191834198,,
LV,Industry,CO2,HMI_HardCoal,Emissions,GradualDevelopment_globalLimit,0.011127311,0.001165748,,,,,,
LV,Industry,CO2,HMI_Oil,Emissions,GradualDevelopment_globalLimit,0.32011737,0.117668437,,,,,,
LV,Industry,CO2,HHI_DRI_EAF,Emissions,GradualDevelopment_globalLimit,0.040990467,0.03923565,0.012067227,0.007237915,0.002405439,,,
LV,Buildings,CO2,HLR_Gas_Boiler,Emissions,GradualDevelopment_globalLimit,2.571879333,2.567112545,2.35559709,1.268373219,1.022920072,0.638327833,0.367604614,
LV,Buildings,CO2,HLR_Hardcoal,Emissions,GradualDevelopment_globalLimit,0.0771936,0.009832807,0.007585669,,,,,
LV,Buildings,CO2,HLR_Oil_Boiler,Emissions,GradualDevelopment_globalLimit,0.293268988,0.037183989,0.002153464,0.004277226,0.008495045,,,
LV,Transportation,CO2,FRT_Rail_Conv,Emissions,GradualDevelopment_globalLimit,0.84308055,0.693560693,,,,,,
LV,Transportation,CO2,FRT_Road_ICE,Emissions,GradualDevelopment_globalLimit,15.3815583,14.64976759,11.54619142,6.683254438,0.021925471,,,
LV,Transportation,CO2,FRT_Road_PHEV,Emissions,GradualDevelopment_globalLimit,,,0.692972079,0.682332303,0.571007837,,,
LV,Transportation,CO2,FRT_Ship_Conv,Emissions,GradualDevelopment_globalLimit,0.227531794,0.239525805,0.222160358,0.040186194,0.018067813,0.007066553,,
LV,Transportation,CO2,PSNG_Air_Conv,Emissions,GradualDevelopment_globalLimit,0.033211594,0.032161646,0.029065671,0.020490114,0.019152808,0.00085762,,
LV,Transportation,CO2,PSNG_Rail_Conv,Emissions,GradualDevelopment_globalLimit,0.008120937,0.006271206,0.002215469,0.001291041,0.000626551,,,
LV,Transportation,CO2,PSNG_Road_ICE,Emissions,GradualDevelopment_globalLimit,1.814704441,1.592788079,1.035404048,0.626041423,0.054242284,,,
LV,Transportation,CO2,PSNG_Road_PHEV,Emissions,GradualDevelopment_globalLimit,,,0.028980205,0.02700882,0.024482483,,,
NL,Power,CO2,P_Coal_Hardcoal,Emissions,GradualDevelopment_globalLimit,23.83859456,19.68746396,11.25682657,2.189258684,,,,
NL,Power,CO2,P_Gas,Emissions,GradualDevelopment_globalLimit,15.30644418,12.49123854,0.295114368,11.30936331,3.397226754,,,
NL,Power,CO2,P_Oil,Emissions,GradualDevelopment_globalLimit,0.059411579,0.050156306,,,,,,
NL,Industry,CO2,HLI_Gas_Boiler,Emissions,GradualDevelopment_globalLimit,5.986891549,6.060569296,6.569137939,6.449121007,6.290662272,3.693351792,,
NL,Industry,CO2,HLI_Hardcoal,Emissions,GradualDevelopment_globalLimit,0.08069245,0.032834552,0.006321391,0.000952493,0.001891757,,,
NL,Industry,CO2,HLI_Oil_Boiler,Emissions,GradualDevelopment_globalLimit,0.898439046,0.796829768,0.006572164,0.013053678,0.025926055,,,
NL,Industry,CO2,HMI_Gas,Emissions,GradualDevelopment_globalLimit,44.80527692,46.35771742,44.92035831,42.54322895,26.21885951,18.9255852,,
NL,Industry,CO2,HMI_HardCoal,Emissions,GradualDevelopment_globalLimit,0.173504974,0.141008934,,,,,,
NL,Industry,CO2,HMI_Oil,Emissions,GradualDevelopment_globalLimit,0.099044301,0.037737679,,,,,,
NL,Industry,CO2,HHI_BF_BOF,Emissions,GradualDevelopment_globalLimit,18.13860757,17.13990493,14.2718953,4.392189117,2.103695473,0.661471696,,
NL,Industry,CO2,HHI_DRI_EAF,Emissions,GradualDevelopment_globalLimit,0.841997264,0.65054261,0.488522922,0.190799043,0.137342808,0.019102369,,
NL,Buildings,CO2,HLR_Gas_Boiler,Emissions,GradualDevelopment_globalLimit,33.78076323,30.2184626,26.0602787,12.12345821,10.31336561,5.704317664,1.457111141,
NL,Buildings,CO2,HLR_Hardcoal,Emissions,GradualDevelopment_globalLimit,0.006947424,0.00074624,,,,,,
NL,Buildings,CO2,HLR_Oil_Boiler,Emissions,GradualDevelopment_globalLimit,0.603371106,0.076438756,,,,,,
NL,Transportation,CO2,FRT_Rail_Conv,Emissions,GradualDevelopment_globalLimit,0.584811017,0.493430887,,,,,,
NL,Transportation,CO2,FRT_Road_ICE,Emissions,GradualDevelopment_globalLimit,71.13044932,63.3398738,48.89545194,29.77065311,,,,
NL,Transportation,CO2,FRT_Road_PHEV,Emissions,GradualDevelopment_globalLimit,,2.950395595,3.872221061,3.789039902,2.694782408,,,
NL,Transportation,CO2,FRT_Ship_Conv,Emissions,GradualDevelopment_globalLimit,8.207141276,8.418236389,8.569084714,0.603199988,0.471917064,0.254894453,,
NL,Transportation,CO2,PSNG_Rail_Conv,Emissions,GradualDevelopment_globalLimit,0.310542295,0.228908706,,0.04936368,0.02395653,,,
NL,Transportation,CO2,PSNG_Road_ICE,Emissions,GradualDevelopment_globalLimit,17.73027525,15.5452465,10.1115811,6.114987977,0.533182323,0.48121024,,
NL,Transportation,CO2,PSNG_Road_PHEV,Emissions,GradualDevelopment_globalLimit,,,0.282840158,0.263599891,0.238943417,,,
PL,Power,CO2,P_Coal_Hardcoal,Emissions,GradualDevelopment_globalLimit,59.97479558,49.53109227,28.32070786,5.50788939,1.163011009,,,
PL,Power,CO2,P_Coal_Lignite,Emissions,GradualDevelopment_globalLimit,46.64598429,36.75407397,21.00517926,4.083295889,,,,
PL,Power,CO2,P_Gas,Emissions,GradualDevelopment_globalLimit,3.136160234,2.559348541,12.56734064,12.91352335,2.786013019,,,
PL,Power,CO2,P_Oil,Emissions,GradualDevelopment_globalLimit,1.459707774,1.232311121,,,,,,
PL,Industry,CO2,HLI_Gas_Boiler,Emissions,GradualDevelopment_globalLimit,5.465648677,6.142014771,7.303834641,7.428781571,7.413980121,4.637924516,,
PL,Industry,CO2,HLI_Hardcoal,Emissions,GradualDevelopment_globalLimit,2.863607424,2.031703723,0.223428468,0.033293961,0.066125506,,,
PL,Industry,CO2,HLI_Lignite,Emissions,GradualDevelopment_globalLimit,0.015399071,0.014054236,0.00125672,0.000208009,0.000413129,,,
PL,Industry,CO2,HLI_Oil_Boiler,Emissions,GradualDevelopment_globalLimit,0.37397214,0.189671355,0.002742127,0.005446433,0.01081722,,,
PL,Industry,CO2,HMI_Gas,Emissions,GradualDevelopment_globalLimit,17.30892081,23.2701382,30.71322236,30.06008469,27.64509949,7.459348464,,
PL,Industry,CO2,HMI_HardCoal,Emissions,GradualDevelopment_globalLimit,29.27208449,16.49546221,,,,,,
PL,Industry,CO2,HMI_Oil,Emissions,GradualDevelopment_globalLimit,1.483565011,0.375922047,,,,,,
PL,Industry,CO2,HHI_BF_BOF,Emissions,GradualDevelopment_globalLimit,21.1417471,21.64095592,16.74410954,9.108159634,3.15124888,1.10331654,,
PL,Industry,CO2,HHI_DRI_EAF,Emissions,GradualDevelopment_globalLimit,0.691758781,0.098327345,0.400384523,0.465254523,0.225131134,,,
PL,Buildings,CO2,HLR_Gas_Boiler,Emissions,GradualDevelopment_globalLimit,34.54581027,36.69148256,34.59996329,20.62745524,11.24780439,6.752360372,2.076497952,
PL,Buildings,CO2,HLR_Hardcoal,Emissions,GradualDevelopment_globalLimit,28.97343211,18.40710563,1.844466418,,,,,
PL,Buildings,CO2,HLR_Oil_Boiler,Emissions,GradualDevelopment_globalLimit,2.8956432,0.733716025,,,,,,
PL,Transportation,CO2,FRT_Rail_Conv,Emissions,GradualDevelopment_globalLimit,2.823280984,2.307685409,,,,,,
PL,Transportation,CO2,FRT_Road_ICE,Emissions,GradualDevelopment_globalLimit,194.3304159,188.5981879,138.9304854,85.90572201,0.171052121,,,
PL,Transportation,CO2,FRT_Road_PHEV,Emissions,GradualDevelopment_globalLimit,,,9.693938445,8.888907594,7.438656905,,,
PL,Transportation,CO2,FRT_Ship_Conv,Emissions,GradualDevelopment_globalLimit,0.38097557,0.401058149,0.432825501,0.110327522,0.030252722,,,
PL,Transportation,CO2,PSNG_Air_Conv,Emissions,GradualDevelopment_globalLimit,0.548934203,0.521421774,0.471990553,0.338661573,0.316559271,0.005054516,,
PL,Transportation,CO2,PSNG_Rail_Conv,Emissions,GradualDevelopment_globalLimit,0.357936062,0.276407863,0.015112093,0.056896933,0.055225427,,,
PL,Transportation,CO2,PSNG_Road_ICE,Emissions,GradualDevelopment_globalLimit,28.41550482,24.91840419,16.20273783,9.796987979,0.850165024,0.781363692,,
PL,Transportation,CO2,PSNG_Road_PHEV,Emissions,GradualDevelopment_globalLimit,,,0.453381384,0.422540012,0.383016676,,,
PT,Power,CO2,P_Coal_Hardcoal,Emissions,GradualDevelopment_globalLimit,10.58188624,8.739210842,4.996874202,0.971805879,,,,
PT,Power,CO2,P_Gas,Emissions,GradualDevelopment_globalLimit,3.751316466,3.061363454,,,,,,
PT,Power,CO2,P_Oil,Emissions,GradualDevelopment_globalLimit,0.840763345,0.709787287,,,,,,
PT,Industry,CO2,HLI_Gas_Boiler,Emissions,GradualDevelopment_globalLimit,1.820561012,2.750754788,2.900088762,2.771100422,2.643146334,1.375430239,,
PT,Industry,CO2,HLI_Oil_Boiler,Emissions,GradualDevelopment_globalLimit,0.620551583,0.393147903,0.004545374,0.009028054,0.017930718,,,
PT,Industry,CO2,HMI_Gas,Emissions,GradualDevelopment_globalLimit,10.68228126,8.39754016,9.022925784,7.972306679,4.477734228,0.710530804,,
PT,Industry,CO2,HMI_HardCoal,Emissions,GradualDevelopment_globalLimit,0.264605438,0.107435378,,,,,,
PT,Industry,CO2,HMI_Oil,Emissions,GradualDevelopment_globalLimit,1.064366941,2.114252699,,,,,,
PT,Industry,CO2,HHI_BF_BOF,Emissions,GradualDevelopment_globalLimit,1.168552155,1.341391854,0.436682893,0.294335833,0.09393649,0.01726473,,
PT,Industry,CO2,HHI_DRI_EAF,Emissions,GradualDevelopment_globalLimit,0.249424464,0.021024702,,0.031378685,0.017087752,,,
PT,Buildings,CO2,HLR_Gas_Boiler,Emissions,GradualDevelopment_globalLimit,2.356542686,2.360655532,2.100614537,1.89259692,1.129135869,0.675145315,,
PT,Buildings,CO2,HLR_Oil_Boiler,Emissions,GradualDevelopment_globalLimit,1.723740047,0.218392159,0.042681368,0.084774028,0.049735697,,,
PT,Transportation,CO2,FRT_Rail_Conv,Emissions,GradualDevelopment_globalLimit,0.16985154,0.13307473,0.025341144,,,,,
PT,Transportation,CO2,FRT_Road_ICE,Emissions,GradualDevelopment_globalLimit,29.62019033,28.8874575,20.54255719,12.03312405,,,,
PT,Transportation,CO2,FRT_Road_PHEV,Emissions,GradualDevelopment_globalLimit,,,2.295423944,2.209858938,1.15643209,,,
PT,Transportation,CO2,FRT_Ship_Conv,Emissions,GradualDevelopment_globalLimit,0.052388318,0.055149893,0.06206767,0.02145019,0.004160136,,,
PT,Transportation,CO2,PSNG_Air_Conv,Emissions,GradualDevelopment_globalLimit,0.438823579,0.416829865,0.377314044,0.304076763,0.291301497,0.007150273,,
PT,Transportation,CO2,PSNG_Rail_Conv,Emissions,GradualDevelopment_globalLimit,0.125185255,0.096671424,0.004757131,0.01989935,0.00965729,,,
PT,Transportation,CO2,PSNG_Road_ICE,Emissions,GradualDevelopment_globalLimit,11.23162363,9.847470238,6.4053982,3.873670457,0.337755793,0.308845359,,
PT,Transportation,CO2,PSNG_Road_PHEV,Emissions,GradualDevelopment_globalLimit,,,0.179171172,0.166983012,0.151363839,,,
RO,Power,CO2,P_Coal_Hardcoal,Emissions,GradualDevelopment_globalLimit,1.1987712,0.990023331,0.566071941,0.110091233,,,,
RO,Power,CO2,P_Coal_Lignite,Emissions,GradualDevelopment_globalLimit,12.415728,9.782805364,5.590933416,1.086847922,,,,
RO,Power,CO2,P_Gas,Emissions,GradualDevelopment_globalLimit,2.614615945,2.133728191,2.674724348,2.026738888,,,,
RO,Power,CO2,P_Oil,Emissions,GradualDevelopment_globalLimit,0.120520632,0.101745649,,,,,,
RO,Industry,CO2,HLI_Gas_Boiler,Emissions,GradualDevelopment_globalLimit,1.349959821,1.537458602,1.618981043,1.602302055,1.561116526,0.716271775,,
RO,Industry,CO2,HLI_Hardcoal,Emissions,GradualDevelopment_globalLimit,0.014813107,0.00768188,0.001220682,0.000194828,0.00038695,,,
RO,Industry,CO2,HLI_Lignite,Emissions,GradualDevelopment_globalLimit,0.000878997,,,,,,,
RO,Industry,CO2,HLI_Oil_Boiler,Emissions,GradualDevelopment_globalLimit,0.330358279,0.124306429,0.002421716,0.004810029,0.009553251,,,
RO,Industry,CO2,HMI_Gas,Emissions,GradualDevelopment_globalLimit,14.83436909,16.22607696,16.08391281,13.25604364,7.391269239,1.222156616,,
RO,Industry,CO2,HMI_HardCoal,Emissions,GradualDevelopment_globalLimit,2.705683771,0.548461336,,,,,,
RO,Industry,CO2,HMI_Oil,Emissions,GradualDevelopment_globalLimit,1.279805117,0.162160774,,,,,,
RO,Industry,CO2,HHI_BF_BOF,Emissions,GradualDevelopment_globalLimit,12.23793111,12.08934506,7.75676328,3.178056887,0.794699735,0.211404416,,
RO,Industry,CO2,HHI_DRI_EAF,Emissions,GradualDevelopment_globalLimit,0.619170327,0.290322544,0.235410173,0.190905348,0.0923593,,,
RO,Buildings,CO2,HLR_Gas_Boiler,Emissions,GradualDevelopment_globalLimit,10.05527647,9.678331225,7.981394934,5.253533328,4.414600283,2.757440805,0.298455269,
RO,Buildings,CO2,HLR_Hardcoal,Emissions,GradualDevelopment_globalLimit,0.340156373,0.043106323,0.033219999,,,,,
RO,Buildings,CO2,HLR_Oil_Boiler,Emissions,GradualDevelopment_globalLimit,0.898433788,0.113832824,,,,,,
RO,Transportation,CO2,FRT_Rail_Conv,Emissions,GradualDevelopment_globalLimit,0.849677754,0.698044583,,,,,,
RO,Transportation,CO2,FRT_Road_ICE,Emissions,GradualDevelopment_globalLimit,44.50312189,43.10560773,32.81032943,19.12285579,,,,
RO,Transportation,CO2,FRT_Road_PHEV,Emissions,GradualDevelopment_globalLimit,,,2.487279155,2.433848641,1.730964221,,,
RO,Transportation,CO2,FRT_Ship_Conv,Emissions,GradualDevelopment_globalLimit,0.579315175,0.559031862,0.621927706,0.096555444,0.046002911,0.017993083,,
RO,Transportation,CO2,PSNG_Air_Conv,Emissions,GradualDevelopment_globalLimit,0.427772362,0.406332531,0.367811867,0.311969056,0.302344751,0.00706227,,
RO,Transportation,CO2,PSNG_Rail_Conv,Emissions,GradualDevelopment_globalLimit,0.191765549,0.127892903,0.001408147,0.030482964,0.014793834,,,
RO,Transportation,CO2,PSNG_Road_ICE,Emissions,GradualDevelopment_globalLimit,10.45668985,9.050932764,5.886885807,3.559476304,0.30917363,0.286782042,,
RO,Transportation,CO2,PSNG_Road_PHEV,Emissions,GradualDevelopment_globalLimit,,,0.16467846,0.15347617,0.139120393,,,
SE,Power,CO2,P_Coal_Hardcoal,Emissions,GradualDevelopment_globalLimit,0.23430528,0.19350456,0.110641334,0.021517832,,,,
SE,Power,CO2,P_Gas,Emissions,GradualDevelopment_globalLimit,0.461367174,0.376511184,,,,,,
SE,Industry,CO2,HLI_Gas_Boiler,Emissions,GradualDevelopment_globalLimit,7.967260188,7.16323633,6.654631129,5.906296951,4.909007671,3.346284548,,
SE,Industry,CO2,HLI_Hardcoal,Emissions,GradualDevelopment_globalLimit,0.031185488,0.015802725,,,,,,
SE,Industry,CO2,HLI_Oil_Boiler,Emissions,GradualDevelopment_globalLimit,0.755648365,0.191532055,,,,,,
SE,Industry,CO2,HMI_Gas,Emissions,GradualDevelopment_globalLimit,12.23730571,12.51433424,13.93757416,12.95668955,10.40497092,0.340009106,,
SE,Industry,CO2,HMI_Oil,Emissions,GradualDevelopment_globalLimit,3.54266893,3.141811507,,,,,,
SE,Industry,CO2,HHI_BF_BOF,Emissions,GradualDevelopment_globalLimit,13.26788643,12.6206872,7.934984549,3.139618977,1.156661966,0.191409149,,
SE,Industry,CO2,HHI_DRI_EAF,Emissions,GradualDevelopment_globalLimit,0.08138983,0.125835571,,,0.013328447,,,
SE,Buildings,CO2,HLR_Gas_Boiler,Emissions,GradualDevelopment_globalLimit,18.02352882,16.99048796,8.790461927,6.514962181,3.646338835,1.727923523,0.104201174,
SE,Buildings,CO2,HLR_Oil_Boiler,Emissions,GradualDevelopment_globalLimit,0.722927718,0.091594458,,,,,,
SE,Transportation,CO2,FRT_Rail_Conv,Emissions,GradualDevelopment_globalLimit,1.416850105,1.165572542,,,,,,
SE,Transportation,CO2,FRT_Road_ICE,Emissions,GradualDevelopment_globalLimit,70.49912744,67.1834269,52.15230534,30.2932601,,,,
SE,Transportation,CO2,FRT_Road_PHEV,Emissions,GradualDevelopment_globalLimit,,0.862903794,3.940195713,3.855554357,2.742087791,,,
SE,Transportation,CO2,FRT_Ship_Conv,Emissions,GradualDevelopment_globalLimit,0.764763096,0.805076482,0.816700569,0.146005985,0.060729482,0.016592627,,
SE,Transportation,CO2,PSNG_Air_Conv,Emissions,GradualDevelopment_globalLimit,1.015852212,0.964937985,0.809958219,0.697962372,0.609933389,0.009708434,,
SE,Transportation,CO2,PSNG_Rail_Conv,Emissions,GradualDevelopment_globalLimit,0.165598235,0.127879415,0.011878321,0.026323335,0.012774894,,,
SE,Transportation,CO2,PSNG_Road_ICE,Emissions,GradualDevelopment_globalLimit,14.35666322,12.57986149,8.182390843,4.947800898,0.430445897,0.39477639,,
SE,Transportation,CO2,PSNG_Road_PHEV,Emissions,GradualDevelopment_globalLimit,,,0.228886046,0.213316021,0.193362973,,,
SI,Power,CO2,P_Coal_Lignite,Emissions,GradualDevelopment_globalLimit,2.791062857,2.199180321,1.256845075,0.244324043,,,,
SI,Power,CO2,P_Gas,Emissions,GradualDevelopment_globalLimit,0.112509517,0.09181644,,,,,,
SI,Industry,CO2,HLI_Gas_Boiler,Emissions,GradualDevelopment_globalLimit,0.480276792,0.520336306,0.548365494,0.546610191,0.529054758,0.19357982,,
SI,Industry,CO2,HLI_Hardcoal,Emissions,GradualDevelopment_globalLimit,0.039371678,0.019972889,0.003095302,0.000476247,0.000945879,,,
SI,Industry,CO2,HLI_Lignite,Emissions,GradualDevelopment_globalLimit,0.014032722,0.012814156,0.00116363,0.000184897,0.000367226,,,
SI,Industry,CO2,HLI_Oil_Boiler,Emissions,GradualDevelopment_globalLimit,0.062113035,0.023678908,0.000461989,0.000917605,0.001822466,,,
SI,Industry,CO2,HMI_Gas,Emissions,GradualDevelopment_globalLimit,1.51195694,1.517995911,1.568545753,1.267015455,0.246527656,0.063836349,,
SI,Industry,CO2,HMI_Oil,Emissions,GradualDevelopment_globalLimit,0.122671395,0.077871401,,,,,,
SI,Industry,CO2,HHI_BF_BOF,Emissions,GradualDevelopment_globalLimit,1.975804182,1.658564824,1.150672486,0.573783129,0.114507085,0.029541871,,
SI,Industry,CO2,HHI_DRI_EAF,Emissions,GradualDevelopment_globalLimit,0.088102682,0.055620662,0.039441136,0.02291394,0.011107039,,,
SI,Buildings,CO2,HLR_Gas_Boiler,Emissions,GradualDevelopment_globalLimit,1.739452936,2.011916251,1.425370165,1.173080619,0.676906905,0.346544577,,
SI,Buildings,CO2,HLR_Oil_Boiler,Emissions,GradualDevelopment_globalLimit,0.656492047,0.085609611,0.004806175,0.009546057,0.01895953,,,
SI,Transportation,CO2,FRT_Rail_Conv,Emissions,GradualDevelopment_globalLimit,0.199610147,0.163987795,,,,,,
SI,Transportation,CO2,FRT_Road_ICE,Emissions,GradualDevelopment_globalLimit,10.45487499,9.947901117,7.378383403,4.492427907,,,,
SI,Transportation,CO2,FRT_Road_PHEV,Emissions,GradualDevelopment_globalLimit,,0.139919473,0.584322886,0.571770748,0.406645956,,,
SI,Transportation,CO2,FRT_Ship_Conv,Emissions,GradualDevelopment_globalLimit,0.136095345,0.131330298,0.146104677,0.022682738,0.010807855,0.004226335,,
SI,Transportation,CO2,PSNG_Air_Conv,Emissions,GradualDevelopment_globalLimit,0.16937124,0.160882401,0.133278279,0.11394935,0.097672743,0.001864146,,
SI,Transportation,CO2,PSNG_Rail_Conv,Emissions,GradualDevelopment_globalLimit,0.046016501,0.033758421,4.15315E-05,0.007314723,0.003550129,,,
SI,Transportation,CO2,PSNG_Road_ICE,Emissions,GradualDevelopment_globalLimit,2.727660235,2.389070819,1.553893666,0.939554098,0.081609014,0.075004564,,
SI,Transportation,CO2,PSNG_Road_PHEV,Emissions,GradualDevelopment_globalLimit,,,0.043468283,0.040511343,0.036722013,,,
SK,Power,CO2,P_Coal_Hardcoal,Emissions,GradualDevelopment_globalLimit,0.578699733,0.47792793,,,,,,
SK,Power,CO2,P_Coal_Lignite,Emissions,GradualDevelopment_globalLimit,1.293030857,1.018826218,0.582265448,0.113189327,,,,
SK,Power,CO2,P_Gas,Emissions,GradualDevelopment_globalLimit,0.586658979,0.478758957,1.538677681,1.549184689,,,,
SK,Power,CO2,P_Oil,Emissions,GradualDevelopment_globalLimit,0.199993263,0.16883785,,,,,,
SK,Industry,CO2,HLI_Gas_Boiler,Emissions,GradualDevelopment_globalLimit,1.092265647,0.996631531,1.096039585,1.19425432,1.25170928,0.656621915,,
SK,Industry,CO2,HLI_Hardcoal,Emissions,GradualDevelopment_globalLimit,0.001764359,,,,,,,
SK,Industry,CO2,HLI_Lignite,Emissions,GradualDevelopment_globalLimit,0.034127671,0.030588631,0.002699621,0.000416018,0.000826258,,,
SK,Industry,CO2,HLI_Oil_Boiler,Emissions,GradualDevelopment_globalLimit,0.020494682,0.010563974,0.00015648,0.000310802,0.000617287,,,
SK,Industry,CO2,HMI_Gas,Emissions,GradualDevelopment_globalLimit,5.9325274,6.110337728,6.09950127,4.918398508,1.747079303,0.508638939,,
SK,Industry,CO2,HMI_HardCoal,Emissions,GradualDevelopment_globalLimit,0.096897766,0.039355668,,,,,,
SK,Industry,CO2,HMI_Oil,Emissions,GradualDevelopment_globalLimit,0.011451402,0.001497527,,,,,,
SK,Industry,CO2,HHI_BF_BOF,Emissions,GradualDevelopment_globalLimit,16.76928016,16.03652334,11.59416028,4.261919231,2.243941243,0.912502196,,
SK,Industry,CO2,HHI_DRI_EAF,Emissions,GradualDevelopment_globalLimit,0.148974602,,,0.039278899,0.024350047,,,
SK,Buildings,CO2,HLR_Gas_Boiler,Emissions,GradualDevelopment_globalLimit,8.12055893,8.006893786,6.419341066,2.781175682,2.543352401,1.49830239,0.230805269,
SK,Buildings,CO2,HLR_Hardcoal,Emissions,GradualDevelopment_globalLimit,0.585574337,0.067907823,0.048491227,,,,,
SK,Buildings,CO2,HLR_Oil_Boiler,Emissions,GradualDevelopment_globalLimit,0.052500047,0.006692518,,,,,,
SK,Transportation,CO2,FRT_Rail_Conv,Emissions,GradualDevelopment_globalLimit,0.382801728,0.314487076,,,,,,
SK,Transportation,CO2,FRT_Road_ICE,Emissions,GradualDevelopment_globalLimit,20.04980346,19.03334513,14.82127954,8.615339413,,,,
SK,Transportation,CO2,FRT_Road_PHEV,Emissions,GradualDevelopment_globalLimit,,0.30295359,1.120583368,1.096511544,0.779843996,,,
SK,Transportation,CO2,FRT_Ship_Conv,Emissions,GradualDevelopment_globalLimit,0.260996418,0.251858263,0.280194125,0.043500705,0.020727287,0.008107085,,
SK,Transportation,CO2,PSNG_Air_Conv,Emissions,GradualDevelopment_globalLimit,0.138104934,0.131183153,0.118746881,0.100718208,0.097611032,0.002280031,,
SK,Transportation,CO2,PSNG_Rail_Conv,Emissions,GradualDevelopment_globalLimit,0.061910892,0.041289813,0.000454706,0.009841417,0.004776351,,,
SK,Transportation,CO2,PSNG_Road_ICE,Emissions,GradualDevelopment_globalLimit,3.375908753,2.922064589,1.900562186,1.149165499,0.099815714,0.092586662,,
SK,Transportation,CO2,PSNG_Road_PHEV,Emissions,GradualDevelopment_globalLimit,,,0.053165912,0.049549289,0.044914572,,,
TR,Power,CO2,P_Coal_Hardcoal,Emissions,GradualDevelopment_globalLimit,25.2892288,20.8854922,11.94183079,2.322480196,,,,
TR,Power,CO2,P_Coal_Lignite,Emissions,GradualDevelopment_globalLimit,22.44901029,17.68839477,10.10902637,1.965141326,,,,
TR,Power,CO2,P_Gas,Emissions,GradualDevelopment_globalLimit,28.19333743,23.00793698,5.557867475,,2.31761015,,,
TR,Power,CO2,P_Oil,Emissions,GradualDevelopment_globalLimit,1.241069305,1.047732658,,,,,,
TR,Industry,CO2,HLI_Gas_Boiler,Emissions,GradualDevelopment_globalLimit,11.43526045,9.98522294,11.62173448,11.32869004,10.51538666,4.934386452,,
TR,Industry,CO2,HLI_Hardcoal,Emissions,GradualDevelopment_globalLimit,1.462599381,0.444715029,0.114133801,0.017014989,0.033793659,,,
TR,Industry,CO2,HLI_Lignite,Emissions,GradualDevelopment_globalLimit,3.752795185,3.354828721,0.292769291,0.043612529,0.086619328,,,
TR,Industry,CO2,HLI_Oil_Boiler,Emissions,GradualDevelopment_globalLimit,0.596831347,0.151256903,0.00436654,0.008672852,0.017225247,,,
TR,Industry,CO2,HMI_Gas,Emissions,GradualDevelopment_globalLimit,33.61757849,36.65329822,33.36514143,26.1742711,8.388037654,2.77735948,,
TR,Industry,CO2,HMI_HardCoal,Emissions,GradualDevelopment_globalLimit,16.2593623,11.53498777,,,,,,
TR,Industry,CO2,HMI_Oil,Emissions,GradualDevelopment_globalLimit,2.56469317,,,,,,,
TR,Industry,CO2,HHI_BF_BOF,Emissions,GradualDevelopment_globalLimit,50.76298075,49.8137202,22.40944489,12.2612426,3.490381303,0.97994273,,
TR,Industry,CO2,HHI_DRI_EAF,Emissions,GradualDevelopment_globalLimit,0.734076233,,,0.24750587,0.119742423,,,
TR,Buildings,CO2,HLR_Gas_Boiler,Emissions,GradualDevelopment_globalLimit,36.07544473,20.65717112,24.44827314,13.94321247,9.351597163,4.206316857,,
TR,Buildings,CO2,HLR_Hardcoal,Emissions,GradualDevelopment_globalLimit,24.25604544,12.29135978,,,,,,
TR,Buildings,CO2,HLR_Oil_Boiler,Emissions,GradualDevelopment_globalLimit,2.780777788,0.352302537,,,,,,
TR,Transportation,CO2,FRT_Rail_Conv,Emissions,GradualDevelopment_globalLimit,4.247309598,3.489336329,,,,,,
TR,Transportation,CO2,FRT_Road_ICE,Emissions,GradualDevelopment_globalLimit,222.4590863,186.1666452,141.2734775,84.31773553,0.276617642,,,
TR,Transportation,CO2,FRT_Road_PHEV,Emissions,GradualDevelopment_globalLimit,,,8.742722129,8.608487862,7.203988454,,,
TR,Transportation,CO2,FRT_Ship_Conv,Emissions,GradualDevelopment_globalLimit,2.895840087,3.71728476,2.741776486,0.420611326,0.224799508,0.100899641,0.065563409,
TR,Transportation,CO2,PSNG_Air_Conv,Emissions,GradualDevelopment_globalLimit,1.611805575,1.531022332,1.268330294,0.48597131,0.433992754,0.017739974,,
TR,Transportation,CO2,PSNG_Rail_Conv,Emissions,GradualDevelopment_globalLimit,0.437911728,0.338279075,0.067395631,0.065451699,0.063528311,,,
TR,Transportation,CO2,PSNG_Road_ICE,Emissions,GradualDevelopment_globalLimit,25.95752376,22.73536922,14.76338234,8.920721243,0.776624556,,,
TR,Transportation,CO2,PSNG_Road_PHEV,Emissions,GradualDevelopment_globalLimit,,,0.423332498,0.393805864,0.357561721,,,
UK,Power,CO2,P_Coal_Hardcoal,Emissions,GradualDevelopment_globalLimit,58.54980173,48.35423954,27.64781128,,,,,
UK,Power,CO2,P_Gas,Emissions,GradualDevelopment_globalLimit,35.85771247,29.26265792,15.74759479,17.37253935,,,,
UK,Power,CO2,P_Oil,Emissions,GradualDevelopment_globalLimit,17.84862876,15.06812809,,,,,,
UK,Industry,CO2,HLI_Gas_Boiler,Emissions,GradualDevelopment_globalLimit,9.785452962,10.15517326,9.966074516,9.469512521,9.084208808,2.613360814,,
UK,Industry,CO2,HLI_Hardcoal,Emissions,GradualDevelopment_globalLimit,0.805365224,0.424793488,0.062865142,0.009373397,0.018616609,,,
UK,Industry,CO2,HLI_Oil_Boiler,Emissions,GradualDevelopment_globalLimit,1.995379184,0.505630219,0.014597358,0.028993373,0.05758406,,,
UK,Industry,CO2,HMI_Gas,Emissions,GradualDevelopment_globalLimit,51.58598696,53.16991536,49.36538437,37.19981801,26.48799748,5.833639791,,
UK,Industry,CO2,HMI_HardCoal,Emissions,GradualDevelopment_globalLimit,4.657718251,1.416244491,,,,,,
UK,Industry,CO2,HMI_Oil,Emissions,GradualDevelopment_globalLimit,21.65704205,10.97456195,,,,,,
UK,Industry,CO2,HHI_BF_BOF,Emissions,GradualDevelopment_globalLimit,29.21989885,24.83003407,10.04562003,6.891564597,3.992735235,1.303809924,0.049409398,
UK,Industry,CO2,HHI_DRI_EAF,Emissions,GradualDevelopment_globalLimit,1.003359713,0.30837766,,,0.163657946,0.063319508,,
UK,Buildings,CO2,HLR_Gas_Boiler,Emissions,GradualDevelopment_globalLimit,79.07388251,70.11852883,53.00339253,36.88084141,30.23171873,10.91283612,5.259902075,
UK,Buildings,CO2,HLR_Hardcoal,Emissions,GradualDevelopment_globalLimit,3.107299712,0.771875341,0.594123544,0.08851691,0.175804418,,,
UK,Buildings,CO2,HLR_Oil_Boiler,Emissions,GradualDevelopment_globalLimit,9.990807247,15.45333445,0.182664438,0.362809366,0.720579713,,,
UK,Transportation,CO2,FRT_Rail_Conv,Emissions,GradualDevelopment_globalLimit,2.555008114,2.06594932,,,,,,
UK,Transportation,CO2,FRT_Road_ICE,Emissions,GradualDevelopment_globalLimit,231.6612831,215.5654438,172.0822924,99.71756887,,,,
UK,Transportation,CO2,FRT_Road_PHEV,Emissions,GradualDevelopment_globalLimit,,7.214323824,12.97010411,12.69148668,9.026243039,,,
UK,Transportation,CO2,FRT_Ship_Conv,Emissions,GradualDevelopment_globalLimit,2.758197086,2.419659565,2.514428032,0.368582547,0.182520638,0.071386914,,
UK,Transportation,CO2,PSNG_Air_Conv,Emissions,GradualDevelopment_globalLimit,3.990452403,3.790452048,3.081883036,2.875549692,2.433817252,0.052360476,,
UK,Transportation,CO2,PSNG_Rail_Conv,Emissions,GradualDevelopment_globalLimit,1.301000022,0.954433877,0.062607179,0.2068052,0.100363972,,,
UK,Transportation,CO2,PSNG_Road_ICE,Emissions,GradualDevelopment_globalLimit,78.03575332,68.36365374,44.43110552,26.85467535,2.307288204,1.083996042,,
UK,Transportation,CO2,PSNG_Road_PHEV,Emissions,GradualDevelopment_globalLimit,,,1.243852042,1.159238723,1.050806431,,,
NONEU_Balkan,Power,CO2,P_Coal_Lignite,Emissions,GradualDevelopment_globalLimit,33.18456,26.14732632,14.94335776,2.904909812,,,,
NONEU_Balkan,Power,CO2,P_Gas,Emissions,GradualDevelopment_globalLimit,0.05097749,0.041601562,,,,,,
NONEU_Balkan,Industry,CO2,HLI_Gas_Boiler,Emissions,GradualDevelopment_globalLimit,1.047828814,1.187978469,1.474537196,1.472701672,1.059957903,0.605162022,0.004468943,
NONEU_Balkan,Industry,CO2,HLI_Hardcoal,Emissions,GradualDevelopment_globalLimit,0.055354241,0.033712481,0.00435958,0.000649427,0.001289834,,,
NONEU_Balkan,Industry,CO2,HLI_Lignite,Emissions,GradualDevelopment_globalLimit,0.229737489,0.205439856,0.017966446,0.002681003,0.005324771,,,
NONEU_Balkan,Industry,CO2,HLI_Oil_Boiler,Emissions,GradualDevelopment_globalLimit,0.423666713,0.268601048,0.003107248,0.006171637,0.012257557,,,
NONEU_Balkan,Industry,CO2,HMI_Gas,Emissions,GradualDevelopment_globalLimit,3.208952072,4.290853264,4.614425082,3.905305534,0.794931469,0.495778114,,
NONEU_Balkan,Industry,CO2,HMI_HardCoal,Emissions,GradualDevelopment_globalLimit,0.927568357,0.36401996,,,,,,
NONEU_Balkan,Industry,CO2,HMI_Oil,Emissions,GradualDevelopment_globalLimit,1.986600769,0.251712884,,,,,,
NONEU_Balkan,Industry,CO2,HHI_BF_BOF,Emissions,GradualDevelopment_globalLimit,5.865716715,5.522798888,3.490368702,1.602105818,0.401278251,0.108692974,,
NONEU_Balkan,Industry,CO2,HHI_DRI_EAF,Emissions,GradualDevelopment_globalLimit,0.150731572,0.308269353,0.002644641,0.050860999,0.024606363,,,
NONEU_Balkan,Buildings,CO2,HLR_Gas_Boiler,Emissions,GradualDevelopment_globalLimit,2.285236229,3.474822626,3.269917321,2.977244602,1.894154204,1.526849414,,
NONEU_Balkan,Buildings,CO2,HLR_Hardcoal,Emissions,GradualDevelopment_globalLimit,2.194323464,0.306792354,0.236158441,,,,,
NONEU_Balkan,Buildings,CO2,HLR_Oil_Boiler,Emissions,GradualDevelopment_globalLimit,1.379281788,0.228776066,,,,,,
NONEU_Balkan,Transportation,CO2,FRT_Rail_Conv,Emissions,GradualDevelopment_globalLimit,0.808400879,0.664133963,,,,,,
NONEU_Balkan,Transportation,CO2,FRT_Road_ICE,Emissions,GradualDevelopment_globalLimit,42.34118485,35.17827438,25.63147575,15.60606852,,,,
NONEU_Balkan,Transportation,CO2,FRT_Road_PHEV,Emissions,GradualDevelopment_globalLimit,,,2.029856281,1.986251901,1.412631384,,,
NONEU_Balkan,Transportation,CO2,FRT_Ship_Conv,Emissions,GradualDevelopment_globalLimit,0.551172364,0.707519948,0.520042482,0.096944378,0.059304498,0.019204477,0.012478845,
NONEU_Balkan,Transportation,CO2,PSNG_Air_Conv,Emissions,GradualDevelopment_globalLimit,0.305154098,0.28985986,0.240125852,0.189480443,0.162875938,0.00335861,,
NONEU_Balkan,Transportation,CO2,PSNG_Rail_Conv,Emissions,GradualDevelopment_globalLimit,0.082907368,0.064044478,0.012759636,0.012391603,0.012027458,,,
NONEU_Balkan,Transportation,CO2,PSNG_Road_ICE,Emissions,GradualDevelopment_globalLimit,4.914392199,4.304359776,2.79506827,1.688910055,0.147033966,,,
NONEU_Balkan,Transportation,CO2,PSNG_Road_PHEV,Emissions,GradualDevelopment_globalLimit,,,0.080147165,0.074557053,0.067695153,,,
NO1,Power,CO2,P_Gas,Emissions,GradualDevelopment_globalLimit,0.962809479,0.785726765,,,,,,
NO1,Industry,CO2,HLI_Gas_Boiler,Emissions,GradualDevelopment_globalLimit,1.002653445,1.133141857,1.136143207,0.992052991,0.855005991,0.366883642,,
NO1,Industry,CO2,HLI_Oil_Boiler,Emissions,GradualDevelopment_globalLimit,0.391318561,0.148825988,0.002868802,0.005698034,0.011316929,,,
NO1,Industry,CO2,HMI_Gas,Emissions,GradualDevelopment_globalLimit,1.007997338,1.23380419,1.347676187,1.323810799,1.176621816,0.034654245,,
NO1,Industry,CO2,HMI_HardCoal,Emissions,GradualDevelopment_globalLimit,0.552400084,0.178269078,,,,,,
NO1,Industry,CO2,HMI_Oil,Emissions,GradualDevelopment_globalLimit,0.184018841,0.093445681,,,,,,
NO1,Industry,CO2,HHI_BF_BOF,Emissions,GradualDevelopment_globalLimit,32.69913275,29.63332975,24.81087237,8.231835422,2.647558183,0.832811518,,
NO1,Industry,CO2,HHI_DRI_EAF,Emissions,GradualDevelopment_globalLimit,0.096484503,0.149176799,,,0.015763451,,,
NO1,Buildings,CO2,HLR_Gas_Boiler,Emissions,GradualDevelopment_globalLimit,6.623938933,6.404294372,3.388307982,2.767873123,1.640785713,0.852172573,,
NO1,Buildings,CO2,HLR_Oil_Boiler,Emissions,GradualDevelopment_globalLimit,0.697126118,0.088323227,,,,,,
NO1,Transportation,CO2,FRT_Rail_Conv,Emissions,GradualDevelopment_globalLimit,0.359639629,0.295857745,,,,,,
NO1,Transportation,CO2,FRT_Road_ICE,Emissions,GradualDevelopment_globalLimit,26.63280216,24.43292664,18.79573171,11.44403388,,,,
NO1,Transportation,CO2,FRT_Road_PHEV,Emissions,GradualDevelopment_globalLimit,,1.067846675,1.488507116,1.456531735,1.035891993,,,
NO1,Transportation,CO2,PSNG_Air_Conv,Emissions,GradualDevelopment_globalLimit,0.575602771,0.557405719,0.472263937,0.400391205,0.354805998,0.009378978,,
NO1,Transportation,CO2,PSNG_Rail_Conv,Emissions,GradualDevelopment_globalLimit,0.064743644,0.052105884,0.009964197,0.009676794,0.009392428,,,
NO1,Transportation,CO2,PSNG_Road_ICE,Emissions,GradualDevelopment_globalLimit,7.157661248,6.271818577,4.071861924,2.460365953,0.214603203,,,
NO1,Transportation,CO2,PSNG_Road_PHEV,Emissions,GradualDevelopment_globalLimit,,,0.117143969,0.108946669,0.09894142,,,
NO2,Power,CO2,P_Gas,Emissions,GradualDevelopment_globalLimit,0.962809479,0.785726765,,,,,,
NO2,Industry,CO2,HLI_Gas_Boiler,Emissions,GradualDevelopment_globalLimit,1.002653445,1.041887279,1.136143207,0.992052991,0.855005991,0.35441617,,
NO2,Industry,CO2,HLI_Oil_Boiler,Emissions,GradualDevelopment_globalLimit,0.391318561,0.275072491,0.002868802,0.005698034,0.011316929,,,
NO2,Industry,CO2,HMI_Gas,Emissions,GradualDevelopment_globalLimit,1.007997338,1.193984392,1.347676187,1.323810799,1.176621816,0.034654245,,
NO2,Industry,CO2,HMI_HardCoal,Emissions,GradualDevelopment_globalLimit,0.552400084,0.290274191,,,,,,
NO2,Industry,CO2,HMI_Oil,Emissions,GradualDevelopment_globalLimit,0.184018841,0.070084261,,,,,,
NO2,Industry,CO2,HHI_BF_BOF,Emissions,GradualDevelopment_globalLimit,32.69913275,29.55158123,23.55854474,7.892523976,2.647558183,0.842961452,,
NO2,Industry,CO2,HHI_DRI_EAF,Emissions,GradualDevelopment_globalLimit,0.096484503,0.0745884,,,0.015763451,0.002581473,,
NO2,Buildings,CO2,HLR_Gas_Boiler,Emissions,GradualDevelopment_globalLimit,6.623938933,6.404294372,3.388307982,2.767873123,1.640785713,0.862322507,0.099155552,
NO2,Buildings,CO2,HLR_Oil_Boiler,Emissions,GradualDevelopment_globalLimit,0.697126118,0.088323227,,,,,,
NO2,Transportation,CO2,FRT_Rail_Conv,Emissions,GradualDevelopment_globalLimit,0.359639629,0.295857745,,,,,,
NO2,Transportation,CO2,FRT_Road_ICE,Emissions,GradualDevelopment_globalLimit,26.63280216,24.43292664,18.79573171,11.44403388,,,,
NO2,Transportation,CO2,FRT_Road_PHEV,Emissions,GradualDevelopment_globalLimit,,1.067846675,1.488507116,1.456531735,1.035891993,,,
NO2,Transportation,CO2,PSNG_Air_Conv,Emissions,GradualDevelopment_globalLimit,0.575602771,0.557405719,0.472263937,0.400391205,0.354805998,0.009378978,,
NO2,Transportation,CO2,PSNG_Rail_Conv,Emissions,GradualDevelopment_globalLimit,0.064743644,0.052105884,0.009964197,0.009676794,0.009392428,,,
NO2,Transportation,CO2,PSNG_Road_ICE,Emissions,GradualDevelopment_globalLimit,7.157661248,6.271818577,4.071861924,2.460365953,0.214603203,,,
NO2,Transportation,CO2,PSNG_Road_PHEV,Emissions,GradualDevelopment_globalLimit,,,0.117143969,0.108946669,0.09894142,,,
NO3,Power,CO2,P_Gas,Emissions,GradualDevelopment_globalLimit,0.962809479,0.785726765,,,,,,
NO3,Industry,CO2,HLI_Gas_Boiler,Emissions,GradualDevelopment_globalLimit,1.002653445,1.06142474,1.136143207,0.992052991,0.855005991,0.303498647,,
NO3,Industry,CO2,HLI_Oil_Boiler,Emissions,GradualDevelopment_globalLimit,0.391318561,0.248043314,0.002868802,0.005698034,0.011316929,,,
NO3,Industry,CO2,HMI_Gas,Emissions,GradualDevelopment_globalLimit,1.007997338,1.107307675,1.347676187,1.323810799,1.176621816,0.034654245,,
NO3,Industry,CO2,HMI_HardCoal,Emissions,GradualDevelopment_globalLimit,0.552400084,0.402279303,,,,,,
NO3,Industry,CO2,HMI_Oil,Emissions,GradualDevelopment_globalLimit,0.184018841,0.140168521,,,,,,
NO3,Industry,CO2,HHI_BF_BOF,Emissions,GradualDevelopment_globalLimit,32.69913275,29.64598981,24.08369467,7.892523976,2.647558183,0.842961452,,
NO3,Industry,CO2,HHI_DRI_EAF,Emissions,GradualDevelopment_globalLimit,0.096484503,0.0745884,,,0.015763451,,,
NO3,Buildings,CO2,HLR_Gas_Boiler,Emissions,GradualDevelopment_globalLimit,6.623938933,6.404294372,3.388307982,2.767873123,1.640785713,0.681197238,0.099155552,
NO3,Buildings,CO2,HLR_Oil_Boiler,Emissions,GradualDevelopment_globalLimit,0.697126118,0.088323227,,,,,,
NO3,Transportation,CO2,FRT_Rail_Conv,Emissions,GradualDevelopment_globalLimit,0.359639629,0.295857745,,,,,,
NO3,Transportation,CO2,FRT_Road_ICE,Emissions,GradualDevelopment_globalLimit,26.63280216,24.43292664,18.79573171,11.44403388,,,,
NO3,Transportation,CO2,FRT_Road_PHEV,Emissions,GradualDevelopment_globalLimit,,1.067846675,1.488507116,1.456531735,1.035891993,,,
NO3,Transportation,CO2,PSNG_Air_Conv,Emissions,GradualDevelopment_globalLimit,0.575602771,0.557405719,0.472263937,0.400391205,0.354805998,0.009378978,,
NO3,Transportation,CO2,PSNG_Rail_Conv,Emissions,GradualDevelopment_globalLimit,0.064743644,0.052105884,0.009964197,0.009676794,0.009392428,,,
NO3,Transportation,CO2,PSNG_Road_ICE,Emissions,GradualDevelopment_globalLimit,7.157661248,6.271818577,4.071861924,2.460365953,0.214603203,,,
NO3,Transportation,CO2,PSNG_Road_PHEV,Emissions,GradualDevelopment_globalLimit,,,0.117143969,0.108946669,0.09894142,,,
NO4,Power,CO2,P_Gas,Emissions,GradualDevelopment_globalLimit,0.962809479,0.785726765,,,,,,
NO4,Industry,CO2,HLI_Gas_Boiler,Emissions,GradualDevelopment_globalLimit,1.002653445,1.06142474,1.136143207,0.992052991,0.855005991,0.321181365,,
NO4,Industry,CO2,HLI_Oil_Boiler,Emissions,GradualDevelopment_globalLimit,0.391318561,0.248043314,0.002868802,0.005698034,0.011316929,,,
NO4,Industry,CO2,HMI_Gas,Emissions,GradualDevelopment_globalLimit,1.007997338,1.149510237,1.347676187,1.323810799,1.176621816,0.034654245,,
NO4,Industry,CO2,HMI_HardCoal,Emissions,GradualDevelopment_globalLimit,0.552400084,0.336015337,,,,,,
NO4,Industry,CO2,HMI_Oil,Emissions,GradualDevelopment_globalLimit,0.184018841,0.116807101,,,,,,
NO4,Industry,CO2,HHI_BF_BOF,Emissions,GradualDevelopment_globalLimit,32.69913275,29.61856365,23.94438987,7.892523976,2.647558183,0.830884333,,
NO4,Industry,CO2,HHI_DRI_EAF,Emissions,GradualDevelopment_globalLimit,0.096484503,0.0745884,,,0.015763451,,,
NO4,Buildings,CO2,HLR_Gas_Boiler,Emissions,GradualDevelopment_globalLimit,6.623938933,6.404294372,3.388307982,2.767873123,1.640785713,0.861375471,0.099155552,
NO4,Buildings,CO2,HLR_Oil_Boiler,Emissions,GradualDevelopment_globalLimit,0.697126118,0.088323227,,,,,,
NO4,Transportation,CO2,FRT_Rail_Conv,Emissions,GradualDevelopment_globalLimit,0.359639629,0.295857745,,,,,,
NO4,Transportation,CO2,FRT_Road_ICE,Emissions,GradualDevelopment_globalLimit,26.63280216,24.43292664,18.79573171,11.44403388,,,,
NO4,Transportation,CO2,FRT_Road_PHEV,Emissions,GradualDevelopment_globalLimit,,1.067846675,1.488507116,1.456531735,1.035891993,,,
NO4,Transportation,CO2,PSNG_Air_Conv,Emissions,GradualDevelopment_globalLimit,0.575602771,0.557405719,0.472263937,0.400391205,0.354805998,0.009378978,,
NO4,Transportation,CO2,PSNG_Rail_Conv,Emissions,GradualDevelopment_globalLimit,0.064743644,0.052105884,0.009964197,0.009676794,0.009392428,,,
NO4,Transportation,CO2,PSNG_Road_ICE,Emissions,GradualDevelopment_globalLimit,7.157661248,6.271818577,4.071861924,2.460365953,0.214603203,,,
NO4,Transportation,CO2,PSNG_Road_PHEV,Emissions,GradualDevelopment_globalLimit,,,0.117143969,0.108946669,0.09894142,,,
NO5,Power,CO2,P_Gas,Emissions,GradualDevelopment_globalLimit,0.962809479,0.785726765,,,,,,
NO5,Industry,CO2,HLI_Gas_Boiler,Emissions,GradualDevelopment_globalLimit,1.002653445,0.989707624,1.136143207,0.992052991,0.855005991,0.297443531,,
NO5,Industry,CO2,HLI_Oil_Boiler,Emissions,GradualDevelopment_globalLimit,0.391318561,0.34726064,0.002868802,0.005698034,0.011316929,,,
NO5,Industry,CO2,HMI_Gas,Emissions,GradualDevelopment_globalLimit,1.007997338,1.19870571,1.347676187,1.323810799,1.176621816,0.034654245,,
NO5,Industry,CO2,HMI_HardCoal,Emissions,GradualDevelopment_globalLimit,0.552400084,0.280012781,,,,,,
NO5,Industry,CO2,HMI_Oil,Emissions,GradualDevelopment_globalLimit,0.184018841,0.070084261,,,,,,
NO5,Industry,CO2,HHI_BF_BOF,Emissions,GradualDevelopment_globalLimit,32.69913275,29.53860339,23.90918447,7.892523976,2.647558183,0.849016569,,
NO5,Industry,CO2,HHI_DRI_EAF,Emissions,GradualDevelopment_globalLimit,0.096484503,0.223765199,,,0.015763451,,,
NO5,Buildings,CO2,HLR_Gas_Boiler,Emissions,GradualDevelopment_globalLimit,6.623938933,6.404294372,3.388307982,2.767873123,1.640785713,0.868377624,0.323115887,
NO5,Buildings,CO2,HLR_Oil_Boiler,Emissions,GradualDevelopment_globalLimit,0.697126118,0.088323227,,,,,,
NO5,Transportation,CO2,FRT_Rail_Conv,Emissions,GradualDevelopment_globalLimit,0.359639629,0.295857745,,,,,,
NO5,Transportation,CO2,FRT_Road_ICE,Emissions,GradualDevelopment_globalLimit,26.63280216,24.43292664,19.71005475,11.44403388,,,,
NO5,Transportation,CO2,FRT_Road_PHEV,Emissions,GradualDevelopment_globalLimit,,1.067846675,1.488507116,1.456531735,1.035891993,,,
NO5,Transportation,CO2,PSNG_Air_Conv,Emissions,GradualDevelopment_globalLimit,0.575602771,0.557405719,0.472263937,0.400391205,0.354805998,0.009378978,,
NO5,Transportation,CO2,PSNG_Rail_Conv,Emissions,GradualDevelopment_globalLimit,0.064743644,0.052105884,0.009964197,0.009676794,0.009392428,,,
NO5,Transportation,CO2,PSNG_Road_ICE,Emissions,GradualDevelopment_globalLimit,7.157661248,6.271818577,4.071861924,2.460365953,0.214603203,,,
NO5,Transportation,CO2,PSNG_Road_PHEV,Emissions,GradualDevelopment_globalLimit,,,0.117143969,0.108946669,0.09894142,,,
