Region,Category,Emission,Technology,Timeslice,Scenario,Year,Value,2025,2030,2035,2040,2045
AT,Power,CO2,P_Coal_Hardcoal,Emissions,GradualDevelopment_globalLimit,1.785375289,,,,,,
AT,Power,CO2,P_Gas,Emissions,GradualDevelopment_globalLimit,2.74325131,2.238704567,0.659145217,0.626053266,,,
AT,Power,CO2,P_Oil,Emissions,GradualDevelopment_globalLimit,0.424368421,0.358259327,,,,,
AT,Industry,CO2,HLI_Gas_Boiler,Emissions,GradualDevelopment_globalLimit,3.984488762,4.114181233,4.286410074,4.222503978,4.013034035,2.028860542,
AT,Industry,CO2,HLI_Hardcoal,Emissions,GradualDevelopment_globalLimit,0.215569685,0.082942771,0.008413989,0.005022236,0.00249368,,
AT,Industry,CO2,HLI_Oil_Boiler,Emissions,GradualDevelopment_globalLimit,0.600755257,0.342623895,0.029313939,0.017478904,0.00868611,,
AT,Industry,CO2,HMI_Gas,Emissions,GradualDevelopment_globalLimit,12.9285883,12.89638569,12.66095675,11.59555358,8.668658818,3.877044748,
AT,Industry,CO2,HMI_HardCoal,Emissions,GradualDevelopment_globalLimit,0.542047759,0.21990679,,,,,
AT,Industry,CO2,HMI_Oil,Emissions,GradualDevelopment_globalLimit,0.5263293,0.100056192,,,,,
AT,Industry,CO2,HHI_BF_BOF,Emissions,GradualDevelopment_globalLimit,19.19224159,18.19929296,14.43683807,4.849008163,1.689656176,0.3121236,
AT,Industry,CO2,HHI_DRI_EAF,Emissions,GradualDevelopment_globalLimit,0.446350331,,0.067269548,0.059875703,0.036396912,0.01408477,
AT,Buildings,CO2,HLR_Gas_Boiler,Emissions,GradualDevelopment_globalLimit,12.14434148,9.729613904,8.699966856,5.813233899,2.765082426,1.447720028,
AT,Buildings,CO2,HLR_Hardcoal,Emissions,GradualDevelopment_globalLimit,0.060342187,0.00768188,0.000893714,0.001775101,0.000881387,,
AT,Buildings,CO2,HLR_Oil_Boiler,Emissions,GradualDevelopment_globalLimit,3.195259106,0.202411147,0.046742842,0.092840954,0.046105461,0.018316137,
AT,Transportation,CO2,FRT_Rail_Conv,Emissions,GradualDevelopment_globalLimit,2.499142439,2.045024574,,,,,
AT,Transportation,CO2,FRT_Road_ICE,Emissions,GradualDevelopment_globalLimit,40.0211555,38.42533966,30.82300044,17.46085951,,,
AT,Transportation,CO2,FRT_Road_PHEV,Emissions,GradualDevelopment_globalLimit,,,,1.843851314,1.5430217,,
AT,Transportation,CO2,FRT_Ship_Conv,Emissions,GradualDevelopment_globalLimit,0.49616343,0.983724988,0.721999866,0.0632268,,,
AT,Transportation,CO2,PSNG_Air_Conv,Emissions,GradualDevelopment_globalLimit,0.306609688,0.296916558,0.268334494,0.21324717,0.202870867,,
AT,Transportation,CO2,PSNG_Rail_Conv,Emissions,GradualDevelopment_globalLimit,0.266569081,0.199418951,,,,,
AT,Transportation,CO2,PSNG_Road_ICE,Emissions,GradualDevelopment_globalLimit,9.522965434,8.305788455,5.388180452,3.148667284,,,
AT,Transportation,CO2,PSNG_Road_PHEV,Emissions,GradualDevelopment_globalLimit,,0.0241948,0.143192736,0.137984226,0.134930172,,
BE,Power,CO2,P_Coal_Hardcoal,Emissions,GradualDevelopment_globalLimit,1.339199644,,,,,,
BE,Power,CO2,P_Gas,Emissions,GradualDevelopment_globalLimit,6.747398483,5.50639737,4.15000067,8.900261466,6.575428693,0.195942497,0.153963115
BE,Industry,CO2,HLI_Gas_Boiler,Emissions,GradualDevelopment_globalLimit,4.397991802,4.212047014,4.30838736,4.400673122,4.552426777,1.820103109,
BE,Industry,CO2,HLI_Hardcoal,Emissions,GradualDevelopment_globalLimit,0.203875127,0.093038546,0.015956062,0.004762465,0.002364696,,
BE,Industry,CO2,HLI_Oil_Boiler,Emissions,GradualDevelopment_globalLimit,0.295651671,0.112452305,0.005871496,0.002704618,0.004276917,,
BE,Industry,CO2,HMI_Gas,Emissions,GradualDevelopment_globalLimit,24.4552925,30.98386069,36.29059624,34.74802641,21.00980142,11.19439648,
BE,Industry,CO2,HMI_HardCoal,Emissions,GradualDevelopment_globalLimit,0.311397948,0.126273873,,,,,
BE,Industry,CO2,HMI_Oil,Emissions,GradualDevelopment_globalLimit,19.03743764,12.91637972,,,,,
BE,Industry,CO2,HHI_BF_BOF,Emissions,GradualDevelopment_globalLimit,17.16187117,16.22039281,12.38217189,4.503159572,2.069052169,0.914200364,0.000876716
BE,Industry,CO2,HHI_DRI_EAF,Emissions,GradualDevelopment_globalLimit,0.791040226,,0.275927706,0.245504784,0.115674974,0.041361594,
BE,Buildings,CO2,HLR_Gas_Boiler,Emissions,GradualDevelopment_globalLimit,16.52346202,17.32843777,15.39204328,6.144087686,5.052324656,2.73232721,
BE,Buildings,CO2,HLR_Hardcoal,Emissions,GradualDevelopment_globalLimit,0.398884053,0.075853082,0.005841837,0.011603097,0.00576126,,
BE,Buildings,CO2,HLR_Oil_Boiler,Emissions,GradualDevelopment_globalLimit,10.36844885,5.590226563,0.151659023,0.301226198,0.149574524,0.059414338,
BE,Transportation,CO2,FRT_Rail_Conv,Emissions,GradualDevelopment_globalLimit,0.582404441,0.466830335,,,,,
BE,Transportation,CO2,FRT_Road_ICE,Emissions,GradualDevelopment_globalLimit,56.41259857,54.22865249,40.13170596,24.64204327,,,
BE,Transportation,CO2,FRT_Road_PHEV,Emissions,GradualDevelopment_globalLimit,,,2.642754365,2.602177965,2.17762519,,
BE,Transportation,CO2,FRT_Ship_Conv,Emissions,GradualDevelopment_globalLimit,2.137650036,2.184146913,2.182677811,,,,
BE,Transportation,CO2,PSNG_Air_Conv,Emissions,GradualDevelopment_globalLimit,0.429680324,0.416096451,0.376041779,0.298842851,0.284301584,,
BE,Transportation,CO2,PSNG_Rail_Conv,Emissions,GradualDevelopment_globalLimit,0.163435888,0.126209592,,,,,
BE,Transportation,CO2,PSNG_Road_ICE,Emissions,GradualDevelopment_globalLimit,14.82822929,12.94912668,8.400434424,4.908924873,,,
BE,Transportation,CO2,PSNG_Road_PHEV,Emissions,GradualDevelopment_globalLimit,,0.037720865,0.223244414,0.215124095,0.210362676,,
BG,Power,CO2,P_Coal_Hardcoal,Emissions,GradualDevelopment_globalLimit,0.403122133,0.332924513,0.190358367,0.03702142,,,
BG,Power,CO2,P_Coal_Lignite,Emissions,GradualDevelopment_globalLimit,14.56266095,11.47445222,6.557719994,1.274786126,,,
BG,Power,CO2,P_Gas,Emissions,GradualDevelopment_globalLimit,0.519215172,0.423719611,0.796413894,0.036237249,,,
BG,Industry,CO2,HLI_Gas_Boiler,Emissions,GradualDevelopment_globalLimit,0.890084581,0.990551953,1.033361765,1.047078909,0.623341272,0.352661236,
BG,Industry,CO2,HLI_Hardcoal,Emissions,GradualDevelopment_globalLimit,0.0167622,0.001711962,0.00135147,0.000411304,0.000214972,,
BG,Industry,CO2,HLI_Lignite,Emissions,GradualDevelopment_globalLimit,0.004105739,,,,,,
BG,Industry,CO2,HLI_Oil_Boiler,Emissions,GradualDevelopment_globalLimit,0.091616289,0.034843108,0.003588564,0.002664016,0.001322758,,
BG,Industry,CO2,HMI_Gas,Emissions,GradualDevelopment_globalLimit,6.572666842,7.553319253,7.571275131,6.312295027,1.812802445,0.968896161,
BG,Industry,CO2,HMI_HardCoal,Emissions,GradualDevelopment_globalLimit,3.017081719,0.611598273,,,,,
BG,Industry,CO2,HMI_Oil,Emissions,GradualDevelopment_globalLimit,0.118049678,0.007509028,,,,,
BG,Industry,CO2,HHI_BF_BOF,Emissions,GradualDevelopment_globalLimit,1.479248891,1.613073824,0.73875359,0.474313849,0.070147797,0.020496103,
BG,Industry,CO2,HHI_DRI_EAF,Emissions,GradualDevelopment_globalLimit,0.153305364,0.053705785,0.047030089,0.027559745,0.01219883,0.005658691,
BG,Buildings,CO2,HLR_Gas_Boiler,Emissions,GradualDevelopment_globalLimit,3.820572282,3.137763804,2.744016544,1.357829694,0.766863708,0.471258898,0.052725429
BG,Buildings,CO2,HLR_Hardcoal,Emissions,GradualDevelopment_globalLimit,0.495451733,0.09422375,0.0072587,0.014417281,0.00715858,0.002860486,
BG,Buildings,CO2,HLR_Oil_Boiler,Emissions,GradualDevelopment_globalLimit,0.096307576,0.000712768,0.001415772,0.002812017,0.001396244,0.000554592,
BG,Transportation,CO2,FRT_Rail_Conv,Emissions,GradualDevelopment_globalLimit,0.326181775,0.267971498,,,,,
BG,Transportation,CO2,FRT_Road_ICE,Emissions,GradualDevelopment_globalLimit,17.08425013,16.5477601,12.24610629,7.519468059,,,
BG,Transportation,CO2,FRT_Road_PHEV,Emissions,GradualDevelopment_globalLimit,,,0.806430977,0.794049174,0.664497781,,
BG,Transportation,CO2,FRT_Ship_Conv,Emissions,GradualDevelopment_globalLimit,0.222392608,0.214606072,0.221163652,0.018637593,,,
BG,Transportation,CO2,PSNG_Air_Conv,Emissions,GradualDevelopment_globalLimit,0.390978947,0.378618575,0.313657331,0.271926026,0.232825045,,
BG,Transportation,CO2,PSNG_Rail_Conv,Emissions,GradualDevelopment_globalLimit,0.106225136,0.077928414,,,,,
BG,Transportation,CO2,PSNG_Road_ICE,Emissions,GradualDevelopment_globalLimit,6.296569175,5.497930258,3.542775212,2.07027595,,,
BG,Transportation,CO2,PSNG_Road_PHEV,Emissions,GradualDevelopment_globalLimit,,,0.094150461,0.090725821,0.088717754,,
CH,Power,CO2,P_Gas,Emissions,GradualDevelopment_globalLimit,0.184394897,0.150480452,0.496107181,0.321018677,0.204936031,,
CH,Industry,CO2,HLI_Gas_Boiler,Emissions,GradualDevelopment_globalLimit,1.064454836,1.070738967,1.029582667,0.931833275,0.828247267,0.21283142,
CH,Industry,CO2,HLI_Hardcoal,Emissions,GradualDevelopment_globalLimit,0.002519033,,,,,,
CH,Industry,CO2,HLI_Oil_Boiler,Emissions,GradualDevelopment_globalLimit,0.207094147,0.078779637,0.009417513,0.006038436,0.002998251,,
CH,Industry,CO2,HMI_Gas,Emissions,GradualDevelopment_globalLimit,2.274038749,2.298036428,2.258826039,2.176501352,1.35765406,0.573325043,
CH,Industry,CO2,HMI_HardCoal,Emissions,GradualDevelopment_globalLimit,0.002484558,,,,,,
CH,Industry,CO2,HMI_Oil,Emissions,GradualDevelopment_globalLimit,0.256786212,0.065121028,,,,,
CH,Industry,CO2,HHI_BF_BOF,Emissions,GradualDevelopment_globalLimit,2.691309662,2.80972352,1.370615675,0.828133855,0.548970937,0.032747825,0.003803636
CH,Industry,CO2,HHI_DRI_EAF,Emissions,GradualDevelopment_globalLimit,0.18284566,0.004918073,0.050736783,0.024371691,0.009035149,,
CH,Buildings,CO2,HLR_Gas_Boiler,Emissions,GradualDevelopment_globalLimit,12.97722965,15.61663343,8.584405703,4.328096475,3.068235692,1.576764858,
CH,Buildings,CO2,HLR_Oil_Boiler,Emissions,GradualDevelopment_globalLimit,7.7674544,1.451524893,0.113612005,0.225656947,0.112052291,0.044513321,
CH,Transportation,CO2,FRT_Rail_Conv,Emissions,GradualDevelopment_globalLimit,1.021976208,0.974337,,,,,
CH,Transportation,CO2,FRT_Road_ICE,Emissions,GradualDevelopment_globalLimit,25.14467377,24.50584882,17.86622939,10.9703883,,,
CH,Transportation,CO2,FRT_Road_PHEV,Emissions,GradualDevelopment_globalLimit,,,1.1765275,1.158463298,0.969456698,,
CH,Transportation,CO2,FRT_Ship_Conv,Emissions,GradualDevelopment_globalLimit,0.006304284,0.006636605,0.006494536,0.000803364,,,
CH,Transportation,CO2,PSNG_Air_Conv,Emissions,GradualDevelopment_globalLimit,0.335929191,0.325309157,0.293993937,0.233638897,0.222270362,,
CH,Transportation,CO2,PSNG_Rail_Conv,Emissions,GradualDevelopment_globalLimit,0.324916424,0.243068296,,,,,
CH,Transportation,CO2,PSNG_Road_ICE,Emissions,GradualDevelopment_globalLimit,10.20173978,8.897805315,5.772237149,3.373096805,,,
CH,Transportation,CO2,PSNG_Road_PHEV,Emissions,GradualDevelopment_globalLimit,,0.025919348,0.153399174,0.147819414,0.144547673,,
CZ,Power,CO2,P_Coal_Hardcoal,Emissions,GradualDevelopment_globalLimit,3.422417778,2.826455498,1.616100449,0.314303673,,,
CZ,Power,CO2,P_Coal_Lignite,Emissions,GradualDevelopment_globalLimit,24.56827886,19.35824385,11.06335539,2.150657845,,,
CZ,Power,CO2,P_Gas,Emissions,GradualDevelopment_globalLimit,1.381684966,1.127561456,0.333725608,,,,
CZ,Industry,CO2,HLI_Gas_Boiler,Emissions,GradualDevelopment_globalLimit,2.402488896,2.465166441,2.517086909,2.469179951,2.07433229,0.861185159,
CZ,Industry,CO2,HLI_Hardcoal,Emissions,GradualDevelopment_globalLimit,0.05847279,0.026667099,0.002288779,0.001363797,0.000687912,,
CZ,Industry,CO2,HLI_Lignite,Emissions,GradualDevelopment_globalLimit,0.188118379,0.168237468,0.007354141,0.004391299,0.002180402,,
CZ,Industry,CO2,HLI_Oil_Boiler,Emissions,GradualDevelopment_globalLimit,0.099036148,0.031436827,0.004843432,0.002886017,0.001440336,,
CZ,Industry,CO2,HMI_Gas,Emissions,GradualDevelopment_globalLimit,11.05404088,13.13564871,13.87869334,13.6318327,3.567429459,3.166249995,
CZ,Industry,CO2,HMI_HardCoal,Emissions,GradualDevelopment_globalLimit,7.296733046,2.218512583,,,,,
CZ,Industry,CO2,HMI_Oil,Emissions,GradualDevelopment_globalLimit,0.282338451,0.089530717,,,,,
CZ,Industry,CO2,HHI_BF_BOF,Emissions,GradualDevelopment_globalLimit,13.70651519,12.67486566,10.94003491,4.126352309,1.38185853,0.240612227,
CZ,Industry,CO2,HHI_DRI_EAF,Emissions,GradualDevelopment_globalLimit,0.289884394,,0.052735455,0.076490957,0.028932541,0.01829781,
CZ,Buildings,CO2,HLR_Gas_Boiler,Emissions,GradualDevelopment_globalLimit,13.28754313,13.56006768,8.292573924,3.954051316,3.234575016,1.925083758,0.810235948
CZ,Buildings,CO2,HLR_Hardcoal,Emissions,GradualDevelopment_globalLimit,3.234058667,0.614594327,0.04731234,0.093972097,0.046670505,0.018550463,
CZ,Buildings,CO2,HLR_Oil_Boiler,Emissions,GradualDevelopment_globalLimit,0.155361506,0.001147932,0.002280139,0.004528827,0.002248688,0.000904861,
CZ,Transportation,CO2,FRT_Rail_Conv,Emissions,GradualDevelopment_globalLimit,0.92562641,0.743801798,,,,,
CZ,Transportation,CO2,FRT_Road_ICE,Emissions,GradualDevelopment_globalLimit,45.91077955,44.50952447,32.9391026,20.22557407,,,
CZ,Transportation,CO2,FRT_Road_PHEV,Emissions,GradualDevelopment_globalLimit,,,2.169106822,2.135802725,1.787340404,,
CZ,Transportation,CO2,FRT_Ship_Conv,Emissions,GradualDevelopment_globalLimit,0.047582741,0.071322207,0.052346564,,,,
CZ,Transportation,CO2,PSNG_Air_Conv,Emissions,GradualDevelopment_globalLimit,0.102740397,0.099492372,0.089914943,0.428735944,0.407874264,,
CZ,Transportation,CO2,PSNG_Rail_Conv,Emissions,GradualDevelopment_globalLimit,0.284718269,0.213400432,,,,,
CZ,Transportation,CO2,PSNG_Road_ICE,Emissions,GradualDevelopment_globalLimit,9.691202395,8.453810718,5.484206335,3.204781506,,,
CZ,Transportation,CO2,PSNG_Road_PHEV,Emissions,GradualDevelopment_globalLimit,,0.024625989,0.145744657,0.140443323,0.13733484,,
DE,Power,CO2,P_Coal_Hardcoal,Emissions,GradualDevelopment_globalLimit,62.44326528,51.56971531,29.48634433,5.734585587,,,
DE,Power,CO2,P_Coal_Lignite,Emissions,GradualDevelopment_globalLimit,102.9708274,81.13447418,46.36885086,9.013859665,,,
DE,Power,CO2,P_Gas,Emissions,GradualDevelopment_globalLimit,20.76063683,16.94228024,14.21448346,6.812782929,6.148529251,,
DE,Power,CO2,P_Oil,Emissions,GradualDevelopment_globalLimit,2.311496211,1.951405985,,,,,
DE,Power,CO2,HLR_Hardcoal_CHP,Emissions,GradualDevelopment_globalLimit,27.80141419,23.47044559,13.71158183,2.723403839,,,
DE,Power,CO2,HLR_Lignite_CHP,Emissions,GradualDevelopment_globalLimit,8.132129032,6.865287163,4.01074391,0.796616722,,,
DE,Industry,CO2,HLI_Gas_Boiler,Emissions,GradualDevelopment_globalLimit,23.37494998,21.83096762,20.90212214,19.95096099,19.07016398,9.373700793,
DE,Industry,CO2,HLI_Hardcoal,Emissions,GradualDevelopment_globalLimit,1.524580538,0.46354661,0.036802235,0.03543707,0.017606238,,
DE,Industry,CO2,HLI_Lignite,Emissions,GradualDevelopment_globalLimit,0.096556336,0.086392213,0.003770161,0.002264986,0.001124628,,
DE,Industry,CO2,HLI_Oil_Boiler,Emissions,GradualDevelopment_globalLimit,0.865640318,0.274228165,0.012667437,0.02516015,0.012492713,,
DE,Industry,CO2,HMI_Gas,Emissions,GradualDevelopment_globalLimit,112.364823,112.3280983,121.9443306,114.3090402,91.61846325,45.13695482,
DE,Industry,CO2,HMI_HardCoal,Emissions,GradualDevelopment_globalLimit,22.10842616,19.04522897,,,,,
DE,Industry,CO2,HMI_Oil,Emissions,GradualDevelopment_globalLimit,21.35897787,12.17637011,,,,,
DE,Industry,CO2,HHI_BF_BOF,Emissions,GradualDevelopment_globalLimit,108.4449948,88.12172168,69.16148754,41.10764464,17.89063751,7.368751202,0.007001508
DE,Industry,CO2,HHI_DRI_EAF,Emissions,GradualDevelopment_globalLimit,3.751380275,6.455440929,0.749479329,1.086965688,0.455290411,0.65096006,
DE,Buildings,CO2,HLR_Gas_Boiler,Emissions,GradualDevelopment_globalLimit,111.0151453,101.0779811,112.2975185,69.31912084,53.43351836,31.17374439,14.04139563
DE,Buildings,CO2,HLR_Hardcoal,Emissions,GradualDevelopment_globalLimit,3.314784,1.469850992,0.048489427,0.096310034,0.047831356,,
DE,Buildings,CO2,HLR_Hardcoal_CHP,Emissions,GradualDevelopment_globalLimit,27.80141419,23.47044559,13.71158183,2.723403839,,,
DE,Buildings,CO2,HLR_Lignite_CHP,Emissions,GradualDevelopment_globalLimit,8.132129032,6.865287163,4.01074391,0.796616722,,,
DE,Buildings,CO2,HLR_Oil_Boiler,Emissions,GradualDevelopment_globalLimit,53.95218042,31.34184974,0.789121697,1.567358957,0.77823726,0.309126773,
DE,Transportation,CO2,FRT_Rail_Conv,Emissions,GradualDevelopment_globalLimit,13.05531346,10.55637194,,,,,
DE,Transportation,CO2,FRT_Road_ICE,Emissions,GradualDevelopment_globalLimit,469.1567686,452.9972588,335.2388812,205.8464951,,,
DE,Transportation,CO2,FRT_Road_PHEV,Emissions,GradualDevelopment_globalLimit,,,22.07616137,21.73720774,18.19072015,,
DE,Transportation,CO2,FRT_Ship_Conv,Emissions,GradualDevelopment_globalLimit,12.91908497,15.59462673,12.74151399,0.554107727,,,
DE,Transportation,CO2,PSNG_Air_Conv,Emissions,GradualDevelopment_globalLimit,5.397287101,5.226657776,4.251171845,4.05412075,3.428313794,,
DE,Transportation,CO2,PSNG_Rail_Conv,Emissions,GradualDevelopment_globalLimit,1.583701029,1.155033424,,,,,
DE,Transportation,CO2,PSNG_Road_ICE,Emissions,GradualDevelopment_globalLimit,106.7890045,92.65918699,60.11041851,35.12646057,,,
DE,Transportation,CO2,PSNG_Road_PHEV,Emissions,GradualDevelopment_globalLimit,,0.269916636,1.597454903,1.539348886,1.505277923,,
DK,Power,CO2,P_Coal_Hardcoal,Emissions,GradualDevelopment_globalLimit,4.30407296,3.554583769,2.032426984,0.395272007,,,
DK,Power,CO2,P_Gas,Emissions,GradualDevelopment_globalLimit,0.544874152,0.444659316,2.527379224,1.01070403,0.430172498,,
DK,Industry,CO2,HLI_Gas_Boiler,Emissions,GradualDevelopment_globalLimit,1.2703491,1.412200247,1.54477496,1.551158041,1.563491917,0.509384417,
DK,Industry,CO2,HLI_Hardcoal,Emissions,GradualDevelopment_globalLimit,0.077573901,0.031605451,0.003051706,0.001818396,0.000902884,,
DK,Industry,CO2,HLI_Oil_Boiler,Emissions,GradualDevelopment_globalLimit,0.326348255,0.186100011,0.015916262,0.009486857,0.004717836,,
DK,Industry,CO2,HMI_Gas,Emissions,GradualDevelopment_globalLimit,4.08259262,4.159944809,4.116306947,3.431298186,2.710632751,0.826768236,
DK,Industry,CO2,HMI_HardCoal,Emissions,GradualDevelopment_globalLimit,0.453845946,0.184094997,,,,,
DK,Industry,CO2,HMI_Oil,Emissions,GradualDevelopment_globalLimit,0.310758726,0.078812703,,,,,
DK,Industry,CO2,HHI_BF_BOF,Emissions,GradualDevelopment_globalLimit,0.516109197,0.548216765,0.239670331,0.138005738,0.052459633,0.006088087,
DK,Industry,CO2,HHI_DRI_EAF,Emissions,GradualDevelopment_globalLimit,0.066507835,0.020770297,0.00315198,0.007445537,0.008658724,,
DK,Buildings,CO2,HLR_Gas_Boiler,Emissions,GradualDevelopment_globalLimit,9.451299776,9.596484716,8.411049654,2.903926743,2.507852646,0.937471074,0.554674342
DK,Buildings,CO2,HLR_Oil_Boiler,Emissions,GradualDevelopment_globalLimit,0.8690448,0.006403659,0.012719597,0.025263751,0.012551503,0.00499133,
DK,Transportation,CO2,FRT_Rail_Conv,Emissions,GradualDevelopment_globalLimit,0.284747733,0.221773144,,,,,
DK,Transportation,CO2,FRT_Road_ICE,Emissions,GradualDevelopment_globalLimit,23.83193701,23.12376725,17.11265513,10.50767162,,,
DK,Transportation,CO2,FRT_Road_PHEV,Emissions,GradualDevelopment_globalLimit,,,1.126903104,1.109600826,0.928566279,,
DK,Transportation,CO2,FRT_Ship_Conv,Emissions,GradualDevelopment_globalLimit,0.23645578,0.248920206,0.205221041,0.049515526,,,
DK,Transportation,CO2,PSNG_Air_Conv,Emissions,GradualDevelopment_globalLimit,0.150828876,0.146060586,0.132000363,0.096479801,0.08981747,,
DK,Transportation,CO2,PSNG_Rail_Conv,Emissions,GradualDevelopment_globalLimit,0.110642551,0.080694425,,,,,
DK,Transportation,CO2,PSNG_Road_ICE,Emissions,GradualDevelopment_globalLimit,7.720884844,6.703302388,4.348606167,2.541175837,,,
DK,Transportation,CO2,PSNG_Road_PHEV,Emissions,GradualDevelopment_globalLimit,,0.019526751,0.115565694,0.111362094,0.108897276,,
EE,Power,CO2,P_Oil,Emissions,GradualDevelopment_globalLimit,4.381519074,3.698955898,,,,,
EE,Industry,CO2,HLI_Gas_Boiler,Emissions,GradualDevelopment_globalLimit,0.207959039,0.245146983,0.251172511,0.244337389,0.238373885,0.094271288,
EE,Industry,CO2,HLI_Oil_Boiler,Emissions,GradualDevelopment_globalLimit,0.052959853,0.013747626,0.002608002,0.001554009,0.000778957,,
EE,Industry,CO2,HMI_Gas,Emissions,GradualDevelopment_globalLimit,0.776955528,0.928143876,0.978039298,0.952156258,0.697087493,0.117525929,
EE,Industry,CO2,HMI_Oil,Emissions,GradualDevelopment_globalLimit,0.441867728,0.136380067,,,,,
EE,Industry,CO2,HHI_DRI_EAF,Emissions,GradualDevelopment_globalLimit,0.009889176,0.005964772,0.00137778,0.000703442,0.000320292,,
EE,Buildings,CO2,HLR_Gas_Boiler,Emissions,GradualDevelopment_globalLimit,2.009675022,1.880922594,1.727788465,0.666954882,0.517881614,0.239912402,
EE,Buildings,CO2,HLR_Oil_Boiler,Emissions,GradualDevelopment_globalLimit,0.115969224,0.029411064,0.005663089,0.00337442,0.001675493,0.000671348,
EE,Transportation,CO2,FRT_Rail_Conv,Emissions,GradualDevelopment_globalLimit,0.335263093,0.283465606,,,,,
EE,Transportation,CO2,FRT_Road_ICE,Emissions,GradualDevelopment_globalLimit,6.116697631,5.825690543,4.673094988,2.647252178,,,
EE,Transportation,CO2,FRT_Road_PHEV,Emissions,GradualDevelopment_globalLimit,,,,0.279547488,0.233938516,,
EE,Transportation,CO2,FRT_Ship_Conv,Emissions,GradualDevelopment_globalLimit,0.090481287,0.152401404,0.111854222,0.009161729,,,
EE,Transportation,CO2,PSNG_Air_Conv,Emissions,GradualDevelopment_globalLimit,0.027485841,0.026616906,0.024054684,0.017581703,0.016367613,,
EE,Transportation,CO2,PSNG_Rail_Conv,Emissions,GradualDevelopment_globalLimit,0.00672087,0.005190036,,,,,
EE,Transportation,CO2,PSNG_Road_ICE,Emissions,GradualDevelopment_globalLimit,1.501845343,1.314116301,0.846794783,0.494837738,,,
EE,Transportation,CO2,PSNG_Road_PHEV,Emissions,GradualDevelopment_globalLimit,,,0.022503861,0.021685302,0.021205334,,
ES,Power,CO2,P_Coal_Hardcoal,Emissions,GradualDevelopment_globalLimit,39.65126458,32.74659672,18.72373002,3.641442665,,,
ES,Power,CO2,P_Gas,Emissions,GradualDevelopment_globalLimit,19.29249596,15.74416411,13.97827022,,,,
ES,Power,CO2,P_Oil,Emissions,GradualDevelopment_globalLimit,11.84930919,10.00339639,,,,,
ES,Industry,CO2,HLI_Gas_Boiler,Emissions,GradualDevelopment_globalLimit,7.801149986,7.643360176,7.787094484,7.375586243,4.733570948,2.175387762,
ES,Industry,CO2,HLI_Hardcoal,Emissions,GradualDevelopment_globalLimit,0.078743357,0.039945778,0.003095302,0.001861691,0.000924381,,
ES,Industry,CO2,HLI_Oil_Boiler,Emissions,GradualDevelopment_globalLimit,1.516553498,0.947275377,0.073948025,0.044074663,0.021884295,,
ES,Industry,CO2,HMI_Gas,Emissions,GradualDevelopment_globalLimit,48.53780017,49.53756125,43.41251353,37.83482082,30.86119741,8.306641712,
ES,Industry,CO2,HMI_HardCoal,Emissions,GradualDevelopment_globalLimit,5.880949022,0.89403581,,,,,
ES,Industry,CO2,HMI_Oil,Emissions,GradualDevelopment_globalLimit,4.899411994,1.551865768,,,,,
ES,Industry,CO2,HHI_BF_BOF,Emissions,GradualDevelopment_globalLimit,26.98104219,27.77516439,9.000601234,7.502705021,1.520071506,0.291382063,
ES,Industry,CO2,HHI_DRI_EAF,Emissions,GradualDevelopment_globalLimit,1.592046443,0.02514163,,0.209464333,0.080739629,0.062452118,
ES,Buildings,CO2,HLR_Gas_Boiler,Emissions,GradualDevelopment_globalLimit,21.21260759,22.34059404,25.18660603,8.037046727,6.495859792,3.375323887,
ES,Buildings,CO2,HLR_Oil_Boiler,Emissions,GradualDevelopment_globalLimit,11.53938616,5.926988682,0.168789869,0.335251601,0.166461733,0.066127823,
ES,Transportation,CO2,FRT_Rail_Conv,Emissions,GradualDevelopment_globalLimit,8.027058475,6.878608547,,,,,
ES,Transportation,CO2,FRT_Road_ICE,Emissions,GradualDevelopment_globalLimit,146.4494323,139.4819761,111.8858818,63.38200805,,,
ES,Transportation,CO2,FRT_Road_PHEV,Emissions,GradualDevelopment_globalLimit,,,,6.693083968,5.601088182,,
ES,Transportation,CO2,FRT_Ship_Conv,Emissions,GradualDevelopment_globalLimit,2.166354108,3.648880558,2.678077007,0.219355284,,,
ES,Transportation,CO2,PSNG_Air_Conv,Emissions,GradualDevelopment_globalLimit,1.020877363,0.988603442,0.893437557,0.653018491,0.607924849,,
ES,Transportation,CO2,PSNG_Rail_Conv,Emissions,GradualDevelopment_globalLimit,0.249626108,0.192768001,,,,,
ES,Transportation,CO2,PSNG_Road_ICE,Emissions,GradualDevelopment_globalLimit,55.7814442,48.80882409,31.45159797,18.37923181,,,
ES,Transportation,CO2,PSNG_Road_PHEV,Emissions,GradualDevelopment_globalLimit,,,0.835836958,0.805434124,0.787607161,,
FI,Power,CO2,P_Coal_Hardcoal,Emissions,GradualDevelopment_globalLimit,3.0998528,2.560060331,1.463781989,0.284680359,,,
FI,Power,CO2,P_Gas,Emissions,GradualDevelopment_globalLimit,2.466697655,2.013015463,,,,,
FI,Industry,CO2,HLI_Gas_Boiler,Emissions,GradualDevelopment_globalLimit,8.083437304,8.237099465,8.440930253,8.026506044,6.749557012,3.876918628,
FI,Industry,CO2,HLI_Hardcoal,Emissions,GradualDevelopment_globalLimit,0.196078755,0.089482932,0.007672861,0.004589285,0.002278707,,
FI,Industry,CO2,HLI_Oil_Boiler,Emissions,GradualDevelopment_globalLimit,1.516599739,0.960811458,0.073962928,0.044074663,0.021884295,,
FI,Industry,CO2,HMI_Gas,Emissions,GradualDevelopment_globalLimit,7.678885828,9.114206208,10.78490495,9.233385505,5.522727507,0.215465301,
FI,Industry,CO2,HMI_HardCoal,Emissions,GradualDevelopment_globalLimit,0.069153534,0.010561681,0.002732323,,,,
FI,Industry,CO2,HMI_Oil,Emissions,GradualDevelopment_globalLimit,7.371181856,4.090055726,,,,,
FI,Industry,CO2,HHI_BF_BOF,Emissions,GradualDevelopment_globalLimit,10.7734646,9.069349802,5.529344367,2.534766209,0.607932151,0.133204835,
FI,Industry,CO2,HHI_DRI_EAF,Emissions,GradualDevelopment_globalLimit,0.029908206,0.204209391,,,0.002456364,,
FI,Buildings,CO2,HLR_Gas_Boiler,Emissions,GradualDevelopment_globalLimit,10.91447696,11.45244085,8.487730299,3.150006634,2.011448578,0.949153353,0.30829939
FI,Buildings,CO2,HLR_Oil_Boiler,Emissions,GradualDevelopment_globalLimit,1.751335341,0.11095174,0.025625479,0.050897504,0.025279373,0.010041038,
FI,Transportation,CO2,FRT_Rail_Conv,Emissions,GradualDevelopment_globalLimit,0.752977358,0.61943725,,,,,
FI,Transportation,CO2,FRT_Road_ICE,Emissions,GradualDevelopment_globalLimit,37.46638161,36.28983946,26.95022471,16.49046681,,,
FI,Transportation,CO2,FRT_Road_PHEV,Emissions,GradualDevelopment_globalLimit,,,1.694719495,1.741378704,1.457267789,,
FI,Transportation,CO2,FRT_Ship_Conv,Emissions,GradualDevelopment_globalLimit,0.406429229,0.427853561,0.396834488,0.041153198,,,
FI,Transportation,CO2,PSNG_Air_Conv,Emissions,GradualDevelopment_globalLimit,0.600078884,0.581108047,0.487656809,0.429279555,0.374358806,,
FI,Transportation,CO2,PSNG_Rail_Conv,Emissions,GradualDevelopment_globalLimit,0.09782132,0.075540256,,,,,
FI,Transportation,CO2,PSNG_Road_ICE,Emissions,GradualDevelopment_globalLimit,8.480692703,7.358567434,4.773693602,2.789582309,,,
FI,Transportation,CO2,PSNG_Road_PHEV,Emissions,GradualDevelopment_globalLimit,,0.021435541,0.126862538,0.122248025,0.119542265,,
FR,Power,CO2,P_Coal_Hardcoal,Emissions,GradualDevelopment_globalLimit,9.107129387,7.521260583,,,,,
FR,Power,CO2,P_Gas,Emissions,GradualDevelopment_globalLimit,8.583694634,7.004956603,5.347684932,2.385966067,,,
FR,Power,CO2,P_Oil,Emissions,GradualDevelopment_globalLimit,4.462349684,3.767194529,,,,,
FR,Industry,CO2,HLI_Gas_Boiler,Emissions,GradualDevelopment_globalLimit,15.15652598,15.2795772,15.60211014,15.02421319,11.60132191,5.556893141,
FR,Industry,CO2,HLI_Hardcoal,Emissions,GradualDevelopment_globalLimit,0.80926341,0.410212412,0.063170312,0.018833385,0.009351299,,
FR,Industry,CO2,HLI_Oil_Boiler,Emissions,GradualDevelopment_globalLimit,2.331798526,1.329440137,0.052575615,0.067754804,0.033642143,,
FR,Industry,CO2,HMI_Gas,Emissions,GradualDevelopment_globalLimit,54.29347155,62.61658372,61.28226945,57.9984664,24.25914687,11.69681754,
FR,Industry,CO2,HMI_HardCoal,Emissions,GradualDevelopment_globalLimit,10.53535453,1.067732331,,,,,
FR,Industry,CO2,HMI_Oil,Emissions,GradualDevelopment_globalLimit,5.444755995,2.414312923,,,,,
FR,Industry,CO2,HHI_BF_BOF,Emissions,GradualDevelopment_globalLimit,45.29664035,42.89756424,33.57699061,9.889582749,4.730508504,1.059436242,0.058897724
FR,Industry,CO2,HHI_DRI_EAF,Emissions,GradualDevelopment_globalLimit,1.377531904,,0.360421767,,0.146479583,0.173808539,
FR,Buildings,CO2,HLR_Gas_Boiler,Emissions,GradualDevelopment_globalLimit,80.68270352,76.74086406,78.32012427,33.67764368,23.14762516,11.41766863,5.400018496
FR,Buildings,CO2,HLR_Hardcoal,Emissions,GradualDevelopment_globalLimit,0.246010453,0.046815574,0.024064881,0.007186993,0.003568542,,
FR,Buildings,CO2,HLR_Oil_Boiler,Emissions,GradualDevelopment_globalLimit,23.18922249,13.14955747,0.463205102,0.673670422,0.334496077,0.132868615,
FR,Transportation,CO2,FRT_Rail_Conv,Emissions,GradualDevelopment_globalLimit,6.164383876,4.895212202,,,,,
FR,Transportation,CO2,FRT_Road_ICE,Emissions,GradualDevelopment_globalLimit,375.2873491,363.7876707,269.2196682,165.3087641,,,
FR,Transportation,CO2,FRT_Road_PHEV,Emissions,GradualDevelopment_globalLimit,,,17.72866207,17.45645921,14.60838798,,
FR,Transportation,CO2,FRT_Ship_Conv,Emissions,GradualDevelopment_globalLimit,3.914477184,3.456912811,2.972718404,0.401761311,,,
FR,Transportation,CO2,PSNG_Air_Conv,Emissions,GradualDevelopment_globalLimit,4.960633299,4.803808307,3.907241587,3.72613241,3.150954776,,
FR,Transportation,CO2,PSNG_Rail_Conv,Emissions,GradualDevelopment_globalLimit,1.779036992,1.31137388,,,,,
FR,Transportation,CO2,PSNG_Road_ICE,Emissions,GradualDevelopment_globalLimit,95.86696462,83.14714256,53.93970851,31.52050994,,,
FR,Transportation,CO2,PSNG_Road_PHEV,Emissions,GradualDevelopment_globalLimit,,0.242208007,1.433466177,1.381325105,1.35075174,,
GR,Power,CO2,P_Coal_Lignite,Emissions,GradualDevelopment_globalLimit,17.43496125,13.73764249,7.851147148,1.526221532,,,
GR,Power,CO2,P_Gas,Emissions,GradualDevelopment_globalLimit,3.505182939,2.860499519,7.469130727,6.827264897,3.179770417,,
GR,Power,CO2,P_Oil,Emissions,GradualDevelopment_globalLimit,2.713241937,2.290566832,,,,,
GR,Industry,CO2,HLI_Gas_Boiler,Emissions,GradualDevelopment_globalLimit,0.855537022,1.183858287,1.260903207,1.249063318,1.140316742,0.410576409,
GR,Industry,CO2,HLI_Oil_Boiler,Emissions,GradualDevelopment_globalLimit,0.647297567,0.147929135,0.004026598,0.007354384,0.014606623,,
GR,Industry,CO2,HMI_Gas,Emissions,GradualDevelopment_globalLimit,5.848508937,6.230496583,5.862126752,5.110621452,3.48403656,0.868309749,
GR,Industry,CO2,HMI_Oil,Emissions,GradualDevelopment_globalLimit,2.571381196,0.488664432,,,,,
GR,Industry,CO2,HHI_BF_BOF,Emissions,GradualDevelopment_globalLimit,6.393020593,6.233776054,3.480596286,1.797196904,0.350716142,0.096135641,0.009086413
GR,Industry,CO2,HHI_DRI_EAF,Emissions,GradualDevelopment_globalLimit,0.110904094,0.012503574,,0.028427438,0.009221542,,
GR,Buildings,CO2,HLR_Gas_Boiler,Emissions,GradualDevelopment_globalLimit,8.789136413,9.717607145,6.919577175,3.653890627,2.318672497,0.510263675,
GR,Buildings,CO2,HLR_Hardcoal,Emissions,GradualDevelopment_globalLimit,0.0196768,0.003818992,0.000980905,0.000584484,0.000300961,,
GR,Buildings,CO2,HLR_Oil_Boiler,Emissions,GradualDevelopment_globalLimit,4.537908141,0.287448138,0.082141729,0.131839187,0.065461819,0.026007455,
GR,Transportation,CO2,FRT_Rail_Conv,Emissions,GradualDevelopment_globalLimit,0.131362973,0.110836743,,,,,
GR,Transportation,CO2,FRT_Road_ICE,Emissions,GradualDevelopment_globalLimit,40.96089139,38.76156237,28.68534534,17.61364248,,,
GR,Transportation,CO2,FRT_Road_PHEV,Emissions,GradualDevelopment_globalLimit,,,1.888988265,1.859985061,1.55652318,,
GR,Transportation,CO2,FRT_Ship_Conv,Emissions,GradualDevelopment_globalLimit,0.141809714,0.149285009,0.153846616,,,,
GR,Transportation,CO2,PSNG_Air_Conv,Emissions,GradualDevelopment_globalLimit,0.893352192,0.86510984,0.716679163,0.621326835,0.531984562,,
GR,Transportation,CO2,PSNG_Rail_Conv,Emissions,GradualDevelopment_globalLimit,0.242715008,0.178059509,,,,,
GR,Transportation,CO2,PSNG_Road_ICE,Emissions,GradualDevelopment_globalLimit,14.38710171,12.56228267,8.094926919,4.730396797,,,
GR,Transportation,CO2,PSNG_Road_PHEV,Emissions,GradualDevelopment_globalLimit,,,0.215125448,0.207300449,0.202712193,,
HR,Power,CO2,P_Coal_Hardcoal,Emissions,GradualDevelopment_globalLimit,1.38887936,1.147027031,0.655842946,0.127550145,,,
HR,Power,CO2,P_Gas,Emissions,GradualDevelopment_globalLimit,0.333442924,0.272115134,1.049262604,,,,
HR,Power,CO2,P_Oil,Emissions,GradualDevelopment_globalLimit,0.115428211,0.097446537,,,,,
HR,Industry,CO2,HLI_Gas_Boiler,Emissions,GradualDevelopment_globalLimit,0.480953903,0.560385038,0.600836036,0.574767609,0.54942074,0.162039643,
HR,Industry,CO2,HLI_Hardcoal,Emissions,GradualDevelopment_globalLimit,0.006894698,0.00074624,0.000610341,,,,
HR,Industry,CO2,HLI_Lignite,Emissions,GradualDevelopment_globalLimit,0.025803848,0.023148153,0.002047989,0.000161785,0.000321322,,
HR,Industry,CO2,HLI_Oil_Boiler,Emissions,GradualDevelopment_globalLimit,0.20626569,0.090255632,0.001685316,0.002327327,0.004622331,,
HR,Industry,CO2,HMI_Gas,Emissions,GradualDevelopment_globalLimit,3.25422199,3.215532373,3.045628947,2.776608036,1.840668051,0.432516161,
HR,Industry,CO2,HMI_HardCoal,Emissions,GradualDevelopment_globalLimit,0.102695068,0.010445106,,,,,
HR,Industry,CO2,HMI_Oil,Emissions,GradualDevelopment_globalLimit,0.255076339,0.113213036,,,,,
HR,Industry,CO2,HHI_BF_BOF,Emissions,GradualDevelopment_globalLimit,0.147336414,0.16346179,0.06938899,0.036920569,0.006662732,0.001534643,
HR,Industry,CO2,HHI_DRI_EAF,Emissions,GradualDevelopment_globalLimit,0.060292629,0.042812926,0.01469371,0.014180386,0.005616321,,
HR,Buildings,CO2,HLR_Gas_Boiler,Emissions,GradualDevelopment_globalLimit,2.029404676,1.530281627,1.102071665,0.909497332,0.642157777,0.247216423,0.091046912
HR,Buildings,CO2,HLR_Hardcoal,Emissions,GradualDevelopment_globalLimit,0.012815147,0.002502098,0.000653937,0.000389656,0.000193475,,
HR,Buildings,CO2,HLR_Oil_Boiler,Emissions,GradualDevelopment_globalLimit,0.342112659,0.004032351,0.008009465,0.009945659,0.004938296,0.001970262,
HR,Transportation,CO2,FRT_Rail_Conv,Emissions,GradualDevelopment_globalLimit,0.201180414,0.165277833,,,,,
HR,Transportation,CO2,FRT_Road_ICE,Emissions,GradualDevelopment_globalLimit,10.53712002,10.20622695,7.553079052,4.637811833,,,
HR,Transportation,CO2,FRT_Road_PHEV,Emissions,GradualDevelopment_globalLimit,,,0.4973856,0.489748826,0.409844905,,
HR,Transportation,CO2,FRT_Ship_Conv,Emissions,GradualDevelopment_globalLimit,0.137165962,0.132363429,0.136407974,0.011495182,,,
HR,Transportation,CO2,PSNG_Air_Conv,Emissions,GradualDevelopment_globalLimit,0.198669211,0.192388501,0.159379565,0.138174522,0.118306032,,
HR,Transportation,CO2,PSNG_Rail_Conv,Emissions,GradualDevelopment_globalLimit,0.053976471,0.03959798,,,,,
HR,Transportation,CO2,PSNG_Road_ICE,Emissions,GradualDevelopment_globalLimit,3.199493064,2.793678468,1.800200141,1.051975029,,,
HR,Transportation,CO2,PSNG_Road_PHEV,Emissions,GradualDevelopment_globalLimit,,,0.047840934,0.046100762,0.045080397,,
HU,Power,CO2,P_Coal_Hardcoal,Emissions,GradualDevelopment_globalLimit,0.0484352,0.040000943,0.022871594,0.004448131,,,
HU,Power,CO2,P_Coal_Lignite,Emissions,GradualDevelopment_globalLimit,3.954582857,3.115960207,1.780790417,0.34617625,,,
HU,Power,CO2,P_Gas,Emissions,GradualDevelopment_globalLimit,1.422912662,1.161206435,3.58434694,0.323299959,,,
HU,Industry,CO2,HLI_Gas_Boiler,Emissions,GradualDevelopment_globalLimit,1.727058688,1.513351365,1.568342056,1.6042281,1.265370273,0.42040096,
HU,Industry,CO2,HLI_Hardcoal,Emissions,GradualDevelopment_globalLimit,0.018321474,0.001887548,0.000228878,0.000454599,0.00023647,,
HU,Industry,CO2,HLI_Lignite,Emissions,GradualDevelopment_globalLimit,0.001248573,,,,,,
HU,Industry,CO2,HLI_Oil_Boiler,Emissions,GradualDevelopment_globalLimit,0.231201888,0.087963092,0.002085731,0.004142694,0.003350987,,
HU,Industry,CO2,HMI_Gas,Emissions,GradualDevelopment_globalLimit,8.165874311,8.947035547,10.53468901,10.28028133,3.938420379,2.386825709,
HU,Industry,CO2,HMI_HardCoal,Emissions,GradualDevelopment_globalLimit,0.006625488,0.000699449,,,,,
HU,Industry,CO2,HMI_Oil,Emissions,GradualDevelopment_globalLimit,6.049759524,3.448954281,,,,,
HU,Industry,CO2,HHI_BF_BOF,Emissions,GradualDevelopment_globalLimit,4.91435999,4.729206136,3.737088115,1.296154053,0.485521001,0.091967487,
HU,Industry,CO2,HHI_DRI_EAF,Emissions,GradualDevelopment_globalLimit,0.114905906,,0.059807124,0.032233603,0.012872583,,
HU,Buildings,CO2,HLR_Gas_Boiler,Emissions,GradualDevelopment_globalLimit,12.42426985,11.16935866,9.962202866,6.842698171,2.68775596,0.944390159,0.772378999
HU,Buildings,CO2,HLR_Hardcoal,Emissions,GradualDevelopment_globalLimit,0.404333013,0.076906597,0.005929029,0.011776278,0.005847249,0.002326813,
HU,Buildings,CO2,HLR_Oil_Boiler,Emissions,GradualDevelopment_globalLimit,0.323347859,0.002385898,0.004739112,0.009412856,0.004673745,0.0018681,
HU,Transportation,CO2,FRT_Rail_Conv,Emissions,GradualDevelopment_globalLimit,0.579203037,0.475838681,,,,,
HU,Transportation,CO2,FRT_Road_ICE,Emissions,GradualDevelopment_globalLimit,30.33661082,29.38396207,21.74548826,13.3523669,,,
HU,Transportation,CO2,FRT_Road_PHEV,Emissions,GradualDevelopment_globalLimit,,,1.431984578,1.40999813,1.179952904,,
HU,Transportation,CO2,FRT_Ship_Conv,Emissions,GradualDevelopment_globalLimit,0.394903958,0.381077356,0.392721693,0.033094892,,,
HU,Transportation,CO2,PSNG_Air_Conv,Emissions,GradualDevelopment_globalLimit,0.312693848,0.302808374,0.273659146,0.260974448,0.248275803,,
HU,Transportation,CO2,PSNG_Rail_Conv,Emissions,GradualDevelopment_globalLimit,0.140177143,0.093487396,,,,,
HU,Transportation,CO2,PSNG_Road_ICE,Emissions,GradualDevelopment_globalLimit,7.643650872,6.595632511,4.250116366,2.483621785,,,
HU,Transportation,CO2,PSNG_Road_PHEV,Emissions,GradualDevelopment_globalLimit,,,0.112948294,0.108839899,0.106430907,,
IE,Power,CO2,P_Coal_Hardcoal,Emissions,GradualDevelopment_globalLimit,3.762416064,3.107248227,1.776651094,,,,
IE,Power,CO2,P_Gas,Emissions,GradualDevelopment_globalLimit,5.286720848,4.314371805,2.511389135,2.150824233,0.896319382,,
IE,Power,CO2,P_Oil,Emissions,GradualDevelopment_globalLimit,0.248498574,0.209786891,,,,,
IE,Industry,CO2,HLI_Gas_Boiler,Emissions,GradualDevelopment_globalLimit,0.894519315,1.011474971,1.029230429,1.005066838,0.506406419,0.188452505,
IE,Industry,CO2,HLI_Hardcoal,Emissions,GradualDevelopment_globalLimit,0.050286599,0.020543543,0.003750201,0.001190616,0.000601923,,
IE,Industry,CO2,HLI_Oil_Boiler,Emissions,GradualDevelopment_globalLimit,0.229194066,0.072627322,0.011192053,0.00667484,0.003321592,,
IE,Industry,CO2,HMI_Gas,Emissions,GradualDevelopment_globalLimit,3.245721609,3.777407958,3.082029651,2.973039061,1.870164354,0.169234209,
IE,Industry,CO2,HMI_HardCoal,Emissions,GradualDevelopment_globalLimit,0.097311859,0.009885547,,,,,
IE,Industry,CO2,HMI_Oil,Emissions,GradualDevelopment_globalLimit,1.196415287,,,,,,
IE,Industry,CO2,HHI_BF_BOF,Emissions,GradualDevelopment_globalLimit,3.648038792,2.945793875,0.908997102,0.695573167,0.280532988,0.032440974,
IE,Industry,CO2,HHI_DRI_EAF,Emissions,GradualDevelopment_globalLimit,0.085808069,,,,0.00277676,,
IE,Buildings,CO2,HLR_Gas_Boiler,Emissions,GradualDevelopment_globalLimit,4.844544318,6.522718105,4.573126159,2.240645935,1.921423839,0.559684479,
IE,Buildings,CO2,HLR_Hardcoal,Emissions,GradualDevelopment_globalLimit,1.60774592,0.407446935,0.023530832,0.046737101,0.023217018,,
IE,Buildings,CO2,HLR_Oil_Boiler,Emissions,GradualDevelopment_globalLimit,3.488528094,0.449314865,0.051027416,0.101351005,0.050323589,0.019994508,
IE,Transportation,CO2,FRT_Rail_Conv,Emissions,GradualDevelopment_globalLimit,0.123104709,0.09954101,,,,,
IE,Transportation,CO2,FRT_Road_ICE,Emissions,GradualDevelopment_globalLimit,11.16184119,10.83016532,8.00525588,4.911934891,,,
IE,Transportation,CO2,FRT_Road_PHEV,Emissions,GradualDevelopment_globalLimit,,,0.535298793,0.527079907,0.434899997,,
IE,Transportation,CO2,FRT_Ship_Conv,Emissions,GradualDevelopment_globalLimit,0.132894705,0.116583382,0.108131171,0.011213601,,,
IE,Transportation,CO2,PSNG_Air_Conv,Emissions,GradualDevelopment_globalLimit,0.314881822,0.304927178,0.248016589,0.236520479,0.200010426,,
IE,Transportation,CO2,PSNG_Rail_Conv,Emissions,GradualDevelopment_globalLimit,0.102660354,0.075313235,,,,,
IE,Transportation,CO2,PSNG_Road_ICE,Emissions,GradualDevelopment_globalLimit,6.157707872,5.377831819,3.465385767,2.025052221,,,
IE,Transportation,CO2,PSNG_Road_PHEV,Emissions,GradualDevelopment_globalLimit,,,0.09209381,0.088743979,0.086779777,,
IT,Power,CO2,P_Coal_Hardcoal,Emissions,GradualDevelopment_globalLimit,26.15561344,21.60100906,12.35094642,,,,
IT,Power,CO2,P_Gas,Emissions,GradualDevelopment_globalLimit,31.11743967,25.39422985,31.44551353,38.95049446,43.39334444,,
IT,Power,CO2,P_Oil,Emissions,GradualDevelopment_globalLimit,6.110349726,5.158465313,,,,,
IT,Industry,CO2,HLI_Gas_Boiler,Emissions,GradualDevelopment_globalLimit,12.04887665,10.92777873,10.87657253,10.73103162,10.87951464,5.352554719,
IT,Industry,CO2,HLI_Hardcoal,Emissions,GradualDevelopment_globalLimit,0.000664883,,,,,,
IT,Industry,CO2,HLI_Oil_Boiler,Emissions,GradualDevelopment_globalLimit,0.974703687,0.493985838,0.038368096,0.028327369,0.014065326,,
IT,Industry,CO2,HMI_Gas,Emissions,GradualDevelopment_globalLimit,57.46558809,56.14626074,55.06323812,50.85958368,31.40363097,17.2817327,
IT,Industry,CO2,HMI_HardCoal,Emissions,GradualDevelopment_globalLimit,0.036854278,0.003777025,,,,,
IT,Industry,CO2,HMI_Oil,Emissions,GradualDevelopment_globalLimit,9.338931914,4.732527403,,,,,
IT,Industry,CO2,HHI_BF_BOF,Emissions,GradualDevelopment_globalLimit,32.09043077,31.57063733,17.56261028,8.153222768,2.692913177,0.945589159,0.028484367
IT,Industry,CO2,HHI_DRI_EAF,Emissions,GradualDevelopment_globalLimit,1.900789809,,0.34522099,0.24244534,0.081341097,0.030813016,
IT,Buildings,CO2,HLR_Gas_Boiler,Emissions,GradualDevelopment_globalLimit,82.67177075,73.9127746,67.41212746,57.93421448,41.21456487,18.00686722,4.338364206
IT,Buildings,CO2,HLR_Oil_Boiler,Emissions,GradualDevelopment_globalLimit,8.486311812,0.825910198,0.124125977,0.246539872,0.122413895,,
IT,Transportation,CO2,FRT_Rail_Conv,Emissions,GradualDevelopment_globalLimit,3.571213147,2.912750601,,,,,
IT,Transportation,CO2,FRT_Road_ICE,Emissions,GradualDevelopment_globalLimit,265.3581106,257.5871819,190.6264045,117.0501974,,,
IT,Transportation,CO2,FRT_Road_PHEV,Emissions,GradualDevelopment_globalLimit,,,12.55313599,12.36039728,10.34376312,,
IT,Transportation,CO2,FRT_Ship_Conv,Emissions,GradualDevelopment_globalLimit,0.51402888,0.541125173,0.557659989,0.102295407,,,
IT,Transportation,CO2,PSNG_Air_Conv,Emissions,GradualDevelopment_globalLimit,3.517706699,3.406498252,3.078578676,2.568894855,2.443896096,,
IT,Transportation,CO2,PSNG_Rail_Conv,Emissions,GradualDevelopment_globalLimit,1.003512642,0.774939476,,,,,
IT,Transportation,CO2,PSNG_Road_ICE,Emissions,GradualDevelopment_globalLimit,90.03517477,78.16889051,50.71018726,29.63328882,,,
IT,Transportation,CO2,PSNG_Road_PHEV,Emissions,GradualDevelopment_globalLimit,,0.227706336,1.347640547,1.298621307,1.269878454,,
LT,Power,CO2,P_Gas,Emissions,GradualDevelopment_globalLimit,0.560195255,0.457162518,0.89557819,0.486291289,,,
LT,Power,CO2,P_Oil,Emissions,GradualDevelopment_globalLimit,0.134872,0.113861328,,,,,
LT,Industry,CO2,HLI_Gas_Boiler,Emissions,GradualDevelopment_globalLimit,0.428024885,0.436722658,0.412488022,0.36951926,0.33841938,0.127376635,
LT,Industry,CO2,HLI_Hardcoal,Emissions,GradualDevelopment_globalLimit,0.00545746,0.000570654,0.000239777,,,,
LT,Industry,CO2,HLI_Oil_Boiler,Emissions,GradualDevelopment_globalLimit,0.046838355,0.020797824,0.002295041,0.001376408,0.000690774,,
LT,Industry,CO2,HMI_Gas,Emissions,GradualDevelopment_globalLimit,4.063163198,3.959173105,3.70389179,3.395847025,2.227829498,0.558801291,
LT,Industry,CO2,HMI_HardCoal,Emissions,GradualDevelopment_globalLimit,0.021118744,0.002144977,,,,,
LT,Industry,CO2,HMI_Oil,Emissions,GradualDevelopment_globalLimit,0.129599975,0.008236398,,,,,
LT,Industry,CO2,HHI_DRI_EAF,Emissions,GradualDevelopment_globalLimit,0.044095768,0.014937487,0.003141396,0.002612594,0.001699088,,
LT,Buildings,CO2,HLR_Gas_Boiler,Emissions,GradualDevelopment_globalLimit,2.630314889,2.612759159,2.385627011,0.867678013,0.760368201,0.326817518,
LT,Buildings,CO2,HLR_Hardcoal,Emissions,GradualDevelopment_globalLimit,0.255899307,0.048926202,0.012490196,0.007446764,0.003697525,,
LT,Buildings,CO2,HLR_Oil_Boiler,Emissions,GradualDevelopment_globalLimit,0.1243168,0.015785939,0.00608037,0.003626022,0.001807769,0.000729727,
LT,Transportation,CO2,FRT_Rail_Conv,Emissions,GradualDevelopment_globalLimit,0.716777347,0.597846976,,,,,
LT,Transportation,CO2,FRT_Road_ICE,Emissions,GradualDevelopment_globalLimit,13.07722323,12.45506323,9.990865993,5.735447473,,,
LT,Transportation,CO2,FRT_Road_PHEV,Emissions,GradualDevelopment_globalLimit,,,,0.538109101,0.500149979,,
LT,Transportation,CO2,FRT_Ship_Conv,Emissions,GradualDevelopment_globalLimit,0.193444903,0.325827317,0.239139274,0.019587362,,,
LT,Transportation,CO2,PSNG_Air_Conv,Emissions,GradualDevelopment_globalLimit,0.070379417,0.068154449,0.0615937,0.045019179,0.041910418,,
LT,Transportation,CO2,PSNG_Rail_Conv,Emissions,GradualDevelopment_globalLimit,0.017209256,0.013289451,,,,,
LT,Transportation,CO2,PSNG_Road_ICE,Emissions,GradualDevelopment_globalLimit,3.845579958,3.364886628,2.16827722,1.267066611,,,
LT,Transportation,CO2,PSNG_Road_PHEV,Emissions,GradualDevelopment_globalLimit,,,0.057622708,0.055526732,0.054297739,,
LU,Power,CO2,P_Gas,Emissions,GradualDevelopment_globalLimit,0.233159338,0.190275996,1.374960168,1.225718306,0.970830605,,
LU,Industry,CO2,HLI_Gas_Boiler,Emissions,GradualDevelopment_globalLimit,0.048968949,0.057925236,0.059348843,0.059497286,0.059535408,0.009125514,
LU,Industry,CO2,HLI_Hardcoal,Emissions,GradualDevelopment_globalLimit,0.005067642,0.000618732,0.000310742,,,,
LU,Industry,CO2,HLI_Oil_Boiler,Emissions,GradualDevelopment_globalLimit,0.001731142,,,,,,
LU,Industry,CO2,HMI_Gas,Emissions,GradualDevelopment_globalLimit,0.783564854,0.822236165,0.792600457,0.766646156,0.364531232,0.175192737,
LU,Industry,CO2,HMI_Oil,Emissions,GradualDevelopment_globalLimit,0.121058331,,,,,,
LU,Industry,CO2,HHI_BF_BOF,Emissions,GradualDevelopment_globalLimit,1.515412756,1.674757412,0.620078141,0.549287396,0.168286718,0.020599172,
LU,Industry,CO2,HHI_DRI_EAF,Emissions,GradualDevelopment_globalLimit,0.118054252,0.011024639,0.032993724,0.018749578,0.008556376,,
LU,Buildings,CO2,HLR_Gas_Boiler,Emissions,GradualDevelopment_globalLimit,1.348513786,1.765420555,1.13350105,0.538898623,0.462466169,0.125443096,
LU,Buildings,CO2,HLR_Hardcoal,Emissions,GradualDevelopment_globalLimit,0.002522667,,,,,,
LU,Buildings,CO2,HLR_Oil_Boiler,Emissions,GradualDevelopment_globalLimit,0.703542024,0.011205794,0.022258084,0.020453722,0.010155841,0.002766312,
LU,Transportation,CO2,FRT_Rail_Conv,Emissions,GradualDevelopment_globalLimit,0.029930062,0.023990649,,,,,
LU,Transportation,CO2,FRT_Road_ICE,Emissions,GradualDevelopment_globalLimit,2.899072245,2.786838141,2.062388861,1.266367186,,,
LU,Transportation,CO2,FRT_Road_PHEV,Emissions,GradualDevelopment_globalLimit,,,0.135812496,0.133727254,0.11190927,,
LU,Transportation,CO2,FRT_Ship_Conv,Emissions,GradualDevelopment_globalLimit,0.109854927,0.112244425,0.112168927,,,,
LU,Transportation,CO2,PSNG_Air_Conv,Emissions,GradualDevelopment_globalLimit,0.025644867,0.024834133,0.022443526,0.017836016,0.016968141,,
LU,Transportation,CO2,PSNG_Rail_Conv,Emissions,GradualDevelopment_globalLimit,0.009754442,0.007532642,,,,,
LU,Transportation,CO2,PSNG_Road_ICE,Emissions,GradualDevelopment_globalLimit,0.885002058,0.772850456,0.501368141,0.292982293,,,
LU,Transportation,CO2,PSNG_Road_PHEV,Emissions,GradualDevelopment_globalLimit,,0.002251317,0.01332403,0.01283938,0.012555201,,
LV,Power,CO2,P_Gas,Emissions,GradualDevelopment_globalLimit,0.767726566,0.626524067,1.842787018,0.025798405,,,
LV,Industry,CO2,HLI_Gas_Boiler,Emissions,GradualDevelopment_globalLimit,0.084791208,0.101798256,0.091881769,0.081221581,0.070909939,0.010972526,
LV,Industry,CO2,HLI_Hardcoal,Emissions,GradualDevelopment_globalLimit,0.000816828,,,,,,
LV,Industry,CO2,HLI_Oil_Boiler,Emissions,GradualDevelopment_globalLimit,0.013987796,0.000352633,0.000700435,0.000429203,0.00022046,,
LV,Industry,CO2,HMI_Gas,Emissions,GradualDevelopment_globalLimit,1.32314622,1.439777545,1.570977371,1.573239534,1.249945228,0.298264999,
LV,Industry,CO2,HMI_HardCoal,Emissions,GradualDevelopment_globalLimit,0.011127311,0.001165748,,,,,
LV,Industry,CO2,HMI_Oil,Emissions,GradualDevelopment_globalLimit,0.32011737,0.162417493,,,,,
LV,Industry,CO2,HHI_DRI_EAF,Emissions,GradualDevelopment_globalLimit,0.040990467,0.025657104,0.010868002,0.006076734,0.001281889,,
LV,Buildings,CO2,HLR_Gas_Boiler,Emissions,GradualDevelopment_globalLimit,2.617056192,2.610262501,2.348675941,0.883650265,0.736754775,0.400005094,
LV,Buildings,CO2,HLR_Hardcoal,Emissions,GradualDevelopment_globalLimit,0.0771936,0.01474921,0.003792834,0.002272995,0.001139354,,
LV,Buildings,CO2,HLR_Oil_Boiler,Emissions,GradualDevelopment_globalLimit,0.293268988,0.02768891,0.014321655,0.008539651,0.004247523,0.001692966,
LV,Transportation,CO2,FRT_Rail_Conv,Emissions,GradualDevelopment_globalLimit,0.84308055,0.70319348,,,,,
LV,Transportation,CO2,FRT_Road_ICE,Emissions,GradualDevelopment_globalLimit,15.3815583,14.64976759,11.75135463,6.791116673,,,
LV,Transportation,CO2,FRT_Road_PHEV,Emissions,GradualDevelopment_globalLimit,,,,0.597527425,0.588281314,,
LV,Transportation,CO2,FRT_Ship_Conv,Emissions,GradualDevelopment_globalLimit,0.227531794,0.383241288,0.281277961,0.023038847,,,
LV,Transportation,CO2,PSNG_Air_Conv,Emissions,GradualDevelopment_globalLimit,0.033211594,0.032161646,0.029065671,0.021244261,0.019777256,,
LV,Transportation,CO2,PSNG_Rail_Conv,Emissions,GradualDevelopment_globalLimit,0.008120937,0.006271206,,,,,
LV,Transportation,CO2,PSNG_Road_ICE,Emissions,GradualDevelopment_globalLimit,1.814704441,1.587868351,1.02319607,0.597920582,,,
LV,Transportation,CO2,PSNG_Road_PHEV,Emissions,GradualDevelopment_globalLimit,,,0.027191785,0.026202708,0.025622754,,
NL,Power,CO2,P_Coal_Hardcoal,Emissions,GradualDevelopment_globalLimit,23.83859456,19.68746396,11.25682657,2.189258684,,,
NL,Power,CO2,P_Gas,Emissions,GradualDevelopment_globalLimit,14.30650593,11.67521184,18.8626234,26.11869305,15.86167975,,
NL,Power,CO2,P_Oil,Emissions,GradualDevelopment_globalLimit,0.059411579,0.050156306,,,,,
NL,Industry,CO2,HLI_Gas_Boiler,Emissions,GradualDevelopment_globalLimit,5.972154843,6.498481728,6.54913117,6.434550373,6.286141006,2.593366518,
NL,Industry,CO2,HLI_Hardcoal,Emissions,GradualDevelopment_globalLimit,0.08069245,0.032834552,0.006321391,0.001883339,0.000945879,,
NL,Industry,CO2,HLI_Oil_Boiler,Emissions,GradualDevelopment_globalLimit,0.898439046,0.170749236,0.014140434,0.012603594,0.012994908,,
NL,Industry,CO2,HMI_Gas,Emissions,GradualDevelopment_globalLimit,44.81689524,46.43278386,44.93181855,42.84871674,38.61825631,14.65709089,
NL,Industry,CO2,HMI_HardCoal,Emissions,GradualDevelopment_globalLimit,0.173504974,0.044065292,,,,,
NL,Industry,CO2,HMI_Oil,Emissions,GradualDevelopment_globalLimit,0.099044301,,,,,,
NL,Industry,CO2,HHI_BF_BOF,Emissions,GradualDevelopment_globalLimit,18.13860757,18.14149175,14.29773784,4.294590748,1.935539195,0.496103772,0.007449901
NL,Industry,CO2,HHI_DRI_EAF,Emissions,GradualDevelopment_globalLimit,0.841997264,0.123584646,0.46840588,0.265875827,0.121922252,0.057816228,
NL,Buildings,CO2,HLR_Gas_Boiler,Emissions,GradualDevelopment_globalLimit,33.78076323,32.2816438,27.56437254,9.143343621,7.731916308,4.102905941,
NL,Buildings,CO2,HLR_Hardcoal,Emissions,GradualDevelopment_globalLimit,0.006947424,0.00074624,9.80905E-05,0.000194828,,,
NL,Buildings,CO2,HLR_Oil_Boiler,Emissions,GradualDevelopment_globalLimit,0.603371106,0.038219378,0.008829949,0.017538105,0.008715505,0.003473499,
NL,Transportation,CO2,FRT_Rail_Conv,Emissions,GradualDevelopment_globalLimit,0.584811017,0.493430887,,,,,
NL,Transportation,CO2,FRT_Road_ICE,Emissions,GradualDevelopment_globalLimit,71.13044932,67.10724116,49.66245604,30.49420305,,,
NL,Transportation,CO2,FRT_Road_PHEV,Emissions,GradualDevelopment_globalLimit,,,3.270373619,3.22016086,2.694782408,,
NL,Transportation,CO2,FRT_Ship_Conv,Emissions,GradualDevelopment_globalLimit,8.207141276,8.418236389,8.447165288,0.173898792,,,
NL,Transportation,CO2,PSNG_Rail_Conv,Emissions,GradualDevelopment_globalLimit,0.310542295,0.228908706,,,,,
NL,Transportation,CO2,PSNG_Road_ICE,Emissions,GradualDevelopment_globalLimit,17.73027525,15.39349425,9.98615908,5.835567807,,,
NL,Transportation,CO2,PSNG_Road_PHEV,Emissions,GradualDevelopment_globalLimit,,0.044841319,0.265385588,0.255732421,0.250072203,,
NO,Power,CO2,P_Gas,Emissions,GradualDevelopment_globalLimit,0.75514469,0.616256287,,,,,
NO,Industry,CO2,HLI_Gas_Boiler,Emissions,GradualDevelopment_globalLimit,0.9897802,1.048639068,1.115862678,0.975323763,0.846573138,0.391620009,
NO,Industry,CO2,HLI_Oil_Boiler,Emissions,GradualDevelopment_globalLimit,0.391318561,0.248043314,0.013358745,0.011396068,0.005658464,,
NO,Industry,CO2,HMI_Gas,Emissions,GradualDevelopment_globalLimit,1.004722555,1.279441161,1.344445958,1.320602847,1.198371852,0.134521511,
NO,Industry,CO2,HMI_HardCoal,Emissions,GradualDevelopment_globalLimit,0.552400084,0.148391527,,,,,
NO,Industry,CO2,HMI_Oil,Emissions,GradualDevelopment_globalLimit,0.184018841,0.02336142,,,,,
NO,Industry,CO2,HHI_BF_BOF,Emissions,GradualDevelopment_globalLimit,32.63002578,29.75503699,25.88542231,8.010332035,2.183409073,0.468511149,
NO,Industry,CO2,HHI_DRI_EAF,Emissions,GradualDevelopment_globalLimit,0.096484503,,0.028019165,0.016291414,0.007881726,,
NO,Buildings,CO2,HLR_Gas_Boiler,Emissions,GradualDevelopment_globalLimit,6.623938933,6.764508779,4.72710688,1.896714354,1.355245626,0.71601128,0.281571603
NO,Buildings,CO2,HLR_Oil_Boiler,Emissions,GradualDevelopment_globalLimit,0.697126118,0.044161614,0.010201012,0.020261321,0.010067657,0.003998902,
NO,Transportation,CO2,FRT_Rail_Conv,Emissions,GradualDevelopment_globalLimit,0.359639629,0.295857745,,,,,
NO,Transportation,CO2,FRT_Road_ICE,Emissions,GradualDevelopment_globalLimit,26.63280216,25.79646267,19.0905731,11.72217121,,,
NO,Transportation,CO2,FRT_Road_PHEV,Emissions,GradualDevelopment_globalLimit,,,1.257153021,1.237850908,1.035891993,,
NO,Transportation,CO2,PSNG_Air_Conv,Emissions,GradualDevelopment_globalLimit,0.575602771,0.557405719,0.472263937,0.420348574,0.371331083,,
NO,Transportation,CO2,PSNG_Rail_Conv,Emissions,GradualDevelopment_globalLimit,0.064743644,0.049996785,,,,,
NO,Transportation,CO2,PSNG_Road_ICE,Emissions,GradualDevelopment_globalLimit,7.157661248,6.210593263,4.028972974,2.354393196,,,
NO,Transportation,CO2,PSNG_Road_PHEV,Emissions,GradualDevelopment_globalLimit,,0.018091487,0.107071333,0.103176707,0.10089306,,
PL,Power,CO2,P_Coal_Hardcoal,Emissions,GradualDevelopment_globalLimit,59.97479558,49.53109227,28.32070786,5.50788939,,,
PL,Power,CO2,P_Coal_Lignite,Emissions,GradualDevelopment_globalLimit,46.64598429,36.75407397,21.00517926,4.083295889,,,
PL,Power,CO2,P_Gas,Emissions,GradualDevelopment_globalLimit,3.136160234,2.559348541,17.78647188,26.90052486,22.04583543,,
PL,Power,CO2,P_Oil,Emissions,GradualDevelopment_globalLimit,1.459707774,1.232311121,,,,,
PL,Industry,CO2,HLI_Gas_Boiler,Emissions,GradualDevelopment_globalLimit,5.465648677,6.014317409,7.295790976,7.431498179,7.434324383,3.566669435,
PL,Industry,CO2,HLI_Hardcoal,Emissions,GradualDevelopment_globalLimit,2.863607424,2.290103091,0.217013448,0.031877392,0.033062753,,
PL,Industry,CO2,HLI_Lignite,Emissions,GradualDevelopment_globalLimit,0.015399071,0.014054236,0.00125672,0.000104004,0.000206564,,
PL,Industry,CO2,HLI_Oil_Boiler,Emissions,GradualDevelopment_globalLimit,0.37397214,0.189671355,0.018256012,0.002723216,0.00540861,,
PL,Industry,CO2,HMI_Gas,Emissions,GradualDevelopment_globalLimit,16.96741907,20.30587551,30.71322236,30.06008469,16.73046966,9.521722739,
PL,Industry,CO2,HMI_HardCoal,Emissions,GradualDevelopment_globalLimit,30.01431135,23.24531943,,,,,
PL,Industry,CO2,HMI_Oil,Emissions,GradualDevelopment_globalLimit,1.483565011,0.093980512,,,,,
PL,Industry,CO2,HHI_BF_BOF,Emissions,GradualDevelopment_globalLimit,21.1417471,21.70339318,14.29870154,10.78178763,4.035338877,0.884783409,
PL,Industry,CO2,HHI_DRI_EAF,Emissions,GradualDevelopment_globalLimit,0.691758781,0.049163673,0.400384523,0.465254523,0.060178034,0.021767372,
PL,Buildings,CO2,HLR_Gas_Boiler,Emissions,GradualDevelopment_globalLimit,37.16803776,37.14615654,34.84550402,15.77607352,9.722802856,5.289028296,1.644725239
PL,Buildings,CO2,HLR_Hardcoal,Emissions,GradualDevelopment_globalLimit,28.97343211,18.37561597,0.962621086,0.841722425,0.417949314,0.067983782,
PL,Buildings,CO2,HLR_Oil_Boiler,Emissions,GradualDevelopment_globalLimit,2.8956432,0.487568026,0.042361399,0.084138502,0.041784452,0.016608577,
PL,Transportation,CO2,FRT_Rail_Conv,Emissions,GradualDevelopment_globalLimit,2.823280984,2.307685409,,,,,
PL,Transportation,CO2,FRT_Road_ICE,Emissions,GradualDevelopment_globalLimit,194.3304159,194.1953442,139.5713645,85.70090703,,,
PL,Transportation,CO2,FRT_Road_PHEV,Emissions,GradualDevelopment_globalLimit,,,9.191057888,9.049939951,7.573416372,,
PL,Transportation,CO2,FRT_Ship_Conv,Emissions,GradualDevelopment_globalLimit,0.38097557,0.401058149,0.413313027,0.075816851,,,
PL,Transportation,CO2,PSNG_Air_Conv,Emissions,GradualDevelopment_globalLimit,0.548934203,0.531580249,0.480408765,0.351133445,0.32688622,,
PL,Transportation,CO2,PSNG_Rail_Conv,Emissions,GradualDevelopment_globalLimit,0.357936062,0.276407863,0.045024441,,,,
PL,Transportation,CO2,PSNG_Road_ICE,Emissions,GradualDevelopment_globalLimit,28.41550482,24.84143742,16.0074109,9.354180218,,,
PL,Transportation,CO2,PSNG_Road_PHEV,Emissions,GradualDevelopment_globalLimit,,,0.425402412,0.409928773,0.400855672,,
PT,Power,CO2,P_Coal_Hardcoal,Emissions,GradualDevelopment_globalLimit,8.91631488,7.363673536,4.210374482,0.818845244,,,
PT,Power,CO2,P_Gas,Emissions,GradualDevelopment_globalLimit,3.125403435,2.550570164,3.389741185,,,,
PT,Power,CO2,P_Oil,Emissions,GradualDevelopment_globalLimit,0.659422232,0.556695911,,,,,
PT,Industry,CO2,HLI_Gas_Boiler,Emissions,GradualDevelopment_globalLimit,2.764670459,2.689108731,2.877773899,2.75984093,2.086217793,0.819341217,
PT,Industry,CO2,HLI_Oil_Boiler,Emissions,GradualDevelopment_globalLimit,0.620551583,0.471777483,0.028807642,0.018041308,0.008965359,,
PT,Industry,CO2,HMI_Gas,Emissions,GradualDevelopment_globalLimit,10.71958206,10.80778422,8.250664911,7.730715525,5.071914127,0.99552018,
PT,Industry,CO2,HMI_HardCoal,Emissions,GradualDevelopment_globalLimit,0.264605438,0.120864801,,,,,
PT,Industry,CO2,HMI_Oil,Emissions,GradualDevelopment_globalLimit,1.064366941,0.202294496,,,,,
PT,Industry,CO2,HHI_BF_BOF,Emissions,GradualDevelopment_globalLimit,0.8931382,1.204665351,0.421889396,0.283673696,0.087047348,0.006593572,
PT,Industry,CO2,HHI_DRI_EAF,Emissions,GradualDevelopment_globalLimit,0.249424464,,0.002645783,0.030991681,0.012816429,,
PT,Buildings,CO2,HLR_Gas_Boiler,Emissions,GradualDevelopment_globalLimit,2.383278939,2.372122602,1.988640902,1.839794201,1.849569211,0.675676535,
PT,Buildings,CO2,HLR_Oil_Boiler,Emissions,GradualDevelopment_globalLimit,1.723740047,0.10919608,0.038658993,0.050083499,0.024867848,,
PT,Transportation,CO2,FRT_Rail_Conv,Emissions,GradualDevelopment_globalLimit,0.16985154,0.13307473,,,,,
PT,Transportation,CO2,FRT_Road_ICE,Emissions,GradualDevelopment_globalLimit,29.62019033,28.79823131,21.31202046,13.08620497,,,
PT,Transportation,CO2,FRT_Road_PHEV,Emissions,GradualDevelopment_globalLimit,,,1.403439842,1.381891666,1.15643209,,
PT,Transportation,CO2,FRT_Ship_Conv,Emissions,GradualDevelopment_globalLimit,0.052388318,0.055149893,0.056835073,0.013984066,,,
PT,Transportation,CO2,PSNG_Air_Conv,Emissions,GradualDevelopment_globalLimit,0.438823579,0.424950652,0.384043648,0.320462088,0.30486886,,
PT,Transportation,CO2,PSNG_Rail_Conv,Emissions,GradualDevelopment_globalLimit,0.125185255,0.096671424,,,,,
PT,Transportation,CO2,PSNG_Road_ICE,Emissions,GradualDevelopment_globalLimit,11.23162363,9.817053846,6.325946927,3.69666575,,,
PT,Transportation,CO2,PSNG_Road_PHEV,Emissions,GradualDevelopment_globalLimit,,,0.1681142,0.161999194,0.158413608,,
RO,Power,CO2,P_Coal_Hardcoal,Emissions,GradualDevelopment_globalLimit,1.1987712,0.990023331,0.566071941,0.110091233,,,
RO,Power,CO2,P_Coal_Lignite,Emissions,GradualDevelopment_globalLimit,12.415728,9.782805364,5.590933416,1.086847922,,,
RO,Power,CO2,P_Gas,Emissions,GradualDevelopment_globalLimit,2.614615945,2.133728191,2.340317084,,,,
RO,Power,CO2,P_Oil,Emissions,GradualDevelopment_globalLimit,0.120520632,0.101745649,,,,,
RO,Industry,CO2,HLI_Gas_Boiler,Emissions,GradualDevelopment_globalLimit,1.349959821,1.539562583,1.617274169,1.602449845,1.048658143,0.359836603,
RO,Industry,CO2,HLI_Hardcoal,Emissions,GradualDevelopment_globalLimit,0.014813107,0.001536376,0.001220682,0.000368009,0.000193475,,
RO,Industry,CO2,HLI_Lignite,Emissions,GradualDevelopment_globalLimit,0.000878997,,,,,,
RO,Industry,CO2,HLI_Oil_Boiler,Emissions,GradualDevelopment_globalLimit,0.330358279,0.12559725,0.004783097,0.004487168,0.005049943,,
RO,Industry,CO2,HMI_Gas,Emissions,GradualDevelopment_globalLimit,14.89030426,16.36714979,16.13908696,15.34512294,7.457735445,3.306765569,
RO,Industry,CO2,HMI_HardCoal,Emissions,GradualDevelopment_globalLimit,2.705683771,0.274230668,,,,,
RO,Industry,CO2,HMI_Oil,Emissions,GradualDevelopment_globalLimit,1.279805117,0.243241161,,,,,
RO,Industry,CO2,HHI_BF_BOF,Emissions,GradualDevelopment_globalLimit,12.23793111,12.2616858,8.693704075,2.942094029,0.676563099,0.190331339,0.011663467
RO,Industry,CO2,HHI_DRI_EAF,Emissions,GradualDevelopment_globalLimit,0.619170327,0.154619862,0.310502153,0.174070936,0.076776499,,
RO,Buildings,CO2,HLR_Gas_Boiler,Emissions,GradualDevelopment_globalLimit,11.50845146,9.745178259,8.882849148,7.275226119,3.222350492,1.837395758,
RO,Buildings,CO2,HLR_Hardcoal,Emissions,GradualDevelopment_globalLimit,0.340156373,0.064659485,0.016609999,0.009914587,0.004922868,0.001963916,
RO,Buildings,CO2,HLR_Oil_Boiler,Emissions,GradualDevelopment_globalLimit,0.898433788,0.00661749,0.013144328,0.026107356,0.012963027,0.00515187,
RO,Transportation,CO2,FRT_Rail_Conv,Emissions,GradualDevelopment_globalLimit,0.849677754,0.698044583,,,,,
RO,Transportation,CO2,FRT_Road_ICE,Emissions,GradualDevelopment_globalLimit,44.50312189,43.10560773,31.90013942,19.58762023,,,
RO,Transportation,CO2,FRT_Road_PHEV,Emissions,GradualDevelopment_globalLimit,,,2.100688986,2.068435365,1.730964221,,
RO,Transportation,CO2,FRT_Ship_Conv,Emissions,GradualDevelopment_globalLimit,0.579315175,0.559031862,0.576113841,0.048549458,,,
RO,Transportation,CO2,PSNG_Air_Conv,Emissions,GradualDevelopment_globalLimit,0.427772362,0.414248807,0.374371994,0.357019035,0.339646998,,
RO,Transportation,CO2,PSNG_Rail_Conv,Emissions,GradualDevelopment_globalLimit,0.191765549,0.127892903,,,,,
RO,Transportation,CO2,PSNG_Road_ICE,Emissions,GradualDevelopment_globalLimit,10.45668985,9.022976679,5.814256751,3.397651614,,,
RO,Transportation,CO2,PSNG_Road_PHEV,Emissions,GradualDevelopment_globalLimit,,,0.154515859,0.148895481,0.145599923,,
SE,Power,CO2,P_Coal_Hardcoal,Emissions,GradualDevelopment_globalLimit,0.23430528,0.19350456,0.110641334,0.021517832,,,
SE,Power,CO2,P_Gas,Emissions,GradualDevelopment_globalLimit,0.361856607,0.295302889,,,,,
SE,Industry,CO2,HLI_Gas_Boiler,Emissions,GradualDevelopment_globalLimit,7.919467271,7.018182495,6.599306956,5.843229248,4.854441278,2.357369687,
SE,Industry,CO2,HLI_Hardcoal,Emissions,GradualDevelopment_globalLimit,0.031185488,0.003160545,0.000370564,0.000736017,0.000365453,,
SE,Industry,CO2,HLI_Oil_Boiler,Emissions,GradualDevelopment_globalLimit,0.755648365,0.335181095,0.011065379,0.021978131,0.010920101,,
SE,Industry,CO2,HMI_Gas,Emissions,GradualDevelopment_globalLimit,12.22381596,13.40117265,13.92426794,12.56598153,8.948681063,0.350801575,
SE,Industry,CO2,HMI_Oil,Emissions,GradualDevelopment_globalLimit,3.54266893,1.346490646,,,,,
SE,Industry,CO2,HHI_BF_BOF,Emissions,GradualDevelopment_globalLimit,13.21042045,12.72416301,9.823307749,3.128453778,1.126139164,0.188185414,
SE,Industry,CO2,HHI_DRI_EAF,Emissions,GradualDevelopment_globalLimit,0.08138983,,0.023641883,0.008588742,0.006664223,,
SE,Buildings,CO2,HLR_Gas_Boiler,Emissions,GradualDevelopment_globalLimit,18.02352882,17.57368454,12.87219592,4.301097575,3.681030723,1.297197278,0.201283852
SE,Buildings,CO2,HLR_Oil_Boiler,Emissions,GradualDevelopment_globalLimit,0.722927718,0.091594458,0.010581035,0.021016125,0.01043509,0.004144847,
SE,Transportation,CO2,FRT_Rail_Conv,Emissions,GradualDevelopment_globalLimit,1.416850105,1.165572542,,,,,
SE,Transportation,CO2,FRT_Road_ICE,Emissions,GradualDevelopment_globalLimit,70.49912744,68.28527086,50.53425239,31.02951155,,,
SE,Transportation,CO2,FRT_Road_PHEV,Emissions,GradualDevelopment_globalLimit,,,3.32778318,3.276688964,2.742087791,,
SE,Transportation,CO2,FRT_Ship_Conv,Emissions,GradualDevelopment_globalLimit,0.764763096,0.805076482,0.74670902,0.077436475,,,
SE,Transportation,CO2,PSNG_Air_Conv,Emissions,GradualDevelopment_globalLimit,1.015852212,0.983737157,0.825536878,0.7267121,0.633738715,,
SE,Transportation,CO2,PSNG_Rail_Conv,Emissions,GradualDevelopment_globalLimit,0.165598235,0.127879415,,,,,
SE,Transportation,CO2,PSNG_Road_ICE,Emissions,GradualDevelopment_globalLimit,14.35666322,12.45705724,8.081216213,4.722384733,,,
SE,Transportation,CO2,PSNG_Road_PHEV,Emissions,GradualDevelopment_globalLimit,,0.036287465,0.214761081,0.206949336,0.202368852,,
SI,Power,CO2,P_Coal_Lignite,Emissions,GradualDevelopment_globalLimit,2.791062857,2.199180321,1.256845075,0.244324043,,,
SI,Power,CO2,P_Gas,Emissions,GradualDevelopment_globalLimit,0.112509517,0.09181644,0.140932041,,,,
SI,Industry,CO2,HLI_Gas_Boiler,Emissions,GradualDevelopment_globalLimit,0.480276792,0.521540269,0.547537891,0.546439671,0.367400068,0.167935332,
SI,Industry,CO2,HLI_Hardcoal,Emissions,GradualDevelopment_globalLimit,0.039371678,0.005991867,0.003095302,0.000930845,0.000472939,,
SI,Industry,CO2,HLI_Lignite,Emissions,GradualDevelopment_globalLimit,0.014032722,0.012814156,0.00116363,0.000346681,0.000183613,,
SI,Industry,CO2,HLI_Oil_Boiler,Emissions,GradualDevelopment_globalLimit,0.062113035,0.031571877,0.00160694,0.00073911,0.000911233,,
SI,Industry,CO2,HMI_Gas,Emissions,GradualDevelopment_globalLimit,1.51195694,1.5531386,1.568545753,1.464438081,0.709423454,0.194177231,
SI,Industry,CO2,HMI_Oil,Emissions,GradualDevelopment_globalLimit,0.122671395,0.00778714,,,,,
SI,Industry,CO2,HHI_BF_BOF,Emissions,GradualDevelopment_globalLimit,1.975804182,2.007295638,1.126881495,0.577638326,0.10221574,0.030373068,
SI,Industry,CO2,HHI_DRI_EAF,Emissions,GradualDevelopment_globalLimit,0.088102682,0.02806141,0.036318611,0.01994836,0.008298903,,
SI,Buildings,CO2,HLR_Gas_Boiler,Emissions,GradualDevelopment_globalLimit,2.041991031,2.010843109,1.778807004,0.890537375,0.54905713,0.189591387,
SI,Buildings,CO2,HLR_Oil_Boiler,Emissions,GradualDevelopment_globalLimit,0.656492047,0.015278808,0.030348317,0.019092114,0.009479765,0.003765389,
SI,Transportation,CO2,FRT_Rail_Conv,Emissions,GradualDevelopment_globalLimit,0.199610147,0.163987795,,,,,
SI,Transportation,CO2,FRT_Road_ICE,Emissions,GradualDevelopment_globalLimit,10.45487499,10.12656463,7.494125258,4.601612476,,,
SI,Transportation,CO2,FRT_Road_PHEV,Emissions,GradualDevelopment_globalLimit,,,0.493503373,0.485926206,0.406645956,,
SI,Transportation,CO2,FRT_Ship_Conv,Emissions,GradualDevelopment_globalLimit,0.136095345,0.131330298,0.135343273,0.011405459,,,
SI,Transportation,CO2,PSNG_Air_Conv,Emissions,GradualDevelopment_globalLimit,0.16937124,0.164016753,0.135875682,0.11779777,0.100859309,,
SI,Transportation,CO2,PSNG_Rail_Conv,Emissions,GradualDevelopment_globalLimit,0.046016501,0.033758421,,,,,
SI,Transportation,CO2,PSNG_Road_ICE,Emissions,GradualDevelopment_globalLimit,2.727660235,2.365748778,1.534722608,0.896839092,,,
SI,Transportation,CO2,PSNG_Road_PHEV,Emissions,GradualDevelopment_globalLimit,,0.006891437,0.040785778,0.039302231,0.03843234,,
SK,Power,CO2,P_Coal_Hardcoal,Emissions,GradualDevelopment_globalLimit,0.578699733,0.47792793,,,,,
SK,Power,CO2,P_Coal_Lignite,Emissions,GradualDevelopment_globalLimit,1.293030857,1.018826218,0.582265448,0.113189327,,,
SK,Power,CO2,P_Gas,Emissions,GradualDevelopment_globalLimit,0.586658979,0.478758957,1.496613162,0.096117623,,,
SK,Power,CO2,P_Oil,Emissions,GradualDevelopment_globalLimit,0.199993263,0.16883785,,,,,
SK,Industry,CO2,HLI_Gas_Boiler,Emissions,GradualDevelopment_globalLimit,1.092265647,0.998540517,1.096034198,1.193847799,1.210219638,0.60357615,
SK,Industry,CO2,HLI_Hardcoal,Emissions,GradualDevelopment_globalLimit,0.001764359,,,,,,
SK,Industry,CO2,HLI_Lignite,Emissions,GradualDevelopment_globalLimit,0.034127671,0.030588631,0.001349811,0.000808923,0.000413129,,
SK,Industry,CO2,HLI_Oil_Boiler,Emissions,GradualDevelopment_globalLimit,0.020494682,0.007922981,0.001028298,0.000621604,0.000308644,,
SK,Industry,CO2,HMI_Gas,Emissions,GradualDevelopment_globalLimit,5.978648544,6.170476817,6.144994915,5.994677757,1.512487122,1.159571258,
SK,Industry,CO2,HMI_HardCoal,Emissions,GradualDevelopment_globalLimit,0.096897766,0.009838917,,,,,
SK,Industry,CO2,HMI_Oil,Emissions,GradualDevelopment_globalLimit,0.011451402,,,,,,
SK,Industry,CO2,HHI_BF_BOF,Emissions,GradualDevelopment_globalLimit,16.76928016,16.40820774,12.49294436,4.27515722,1.492853645,0.315962405,
SK,Industry,CO2,HHI_DRI_EAF,Emissions,GradualDevelopment_globalLimit,0.148974602,,0.063247231,0.02909568,0.012175023,0.004708691,
SK,Buildings,CO2,HLR_Gas_Boiler,Emissions,GradualDevelopment_globalLimit,8.250364736,8.089816703,7.082020638,4.363958872,1.720943287,0.793879393,
SK,Buildings,CO2,HLR_Hardcoal,Emissions,GradualDevelopment_globalLimit,0.53551168,0.101861734,0.014680594,0.01558625,0.007739006,,
SK,Buildings,CO2,HLR_Oil_Boiler,Emissions,GradualDevelopment_globalLimit,0.052500047,0.000390147,0.000774949,0.001539209,0.00076426,0.000306485,
SK,Transportation,CO2,FRT_Rail_Conv,Emissions,GradualDevelopment_globalLimit,0.382801728,0.314487076,,,,,
SK,Transportation,CO2,FRT_Road_ICE,Emissions,GradualDevelopment_globalLimit,20.04980346,19.42018731,14.37183502,8.824727776,,,
SK,Transportation,CO2,FRT_Road_PHEV,Emissions,GradualDevelopment_globalLimit,,,0.946414532,0.931883445,0.779843996,,
SK,Transportation,CO2,FRT_Ship_Conv,Emissions,GradualDevelopment_globalLimit,0.260996418,0.251858263,0.259554135,0.021872782,,,
SK,Transportation,CO2,PSNG_Air_Conv,Emissions,GradualDevelopment_globalLimit,0.138104934,0.133738898,0.120864797,0.115262449,0.109653943,,
SK,Transportation,CO2,PSNG_Rail_Conv,Emissions,GradualDevelopment_globalLimit,0.061910892,0.041289813,,,,,
SK,Transportation,CO2,PSNG_Road_ICE,Emissions,GradualDevelopment_globalLimit,3.375908753,2.893539478,1.877114128,1.096920917,,,
SK,Transportation,CO2,PSNG_Road_PHEV,Emissions,GradualDevelopment_globalLimit,,0.008428894,0.049884949,0.048070428,0.047006468,,
TR,Power,CO2,P_Coal_Hardcoal,Emissions,GradualDevelopment_globalLimit,25.2892288,20.8854922,11.94183079,2.322480196,,,
TR,Power,CO2,P_Coal_Lignite,Emissions,GradualDevelopment_globalLimit,22.44901029,17.68839477,10.10902637,1.965141326,,,
TR,Power,CO2,P_Gas,Emissions,GradualDevelopment_globalLimit,28.19333743,23.00793698,31.34229457,9.336268129,,,
TR,Power,CO2,P_Oil,Emissions,GradualDevelopment_globalLimit,1.241069305,1.047732658,,,,,
TR,Industry,CO2,HLI_Gas_Boiler,Emissions,GradualDevelopment_globalLimit,11.43526045,12.53239436,14.09447528,14.18973709,9.880765425,3.451476249,
TR,Industry,CO2,HLI_Hardcoal,Emissions,GradualDevelopment_globalLimit,1.462599381,0.296476686,0.100966255,0.02230196,0.020507186,,
TR,Industry,CO2,HLI_Lignite,Emissions,GradualDevelopment_globalLimit,3.752795185,3.354828721,0.292769291,0.021806264,0.043309664,,
TR,Industry,CO2,HLI_Oil_Boiler,Emissions,GradualDevelopment_globalLimit,0.596831347,0.189071129,0.029105299,0.008672852,0.017225247,,
TR,Industry,CO2,HMI_Gas,Emissions,GradualDevelopment_globalLimit,33.61757849,39.91721021,42.0436187,37.56497282,26.52132678,4.041373024,
TR,Industry,CO2,HMI_HardCoal,Emissions,GradualDevelopment_globalLimit,16.2593623,3.378671462,,,,,
TR,Industry,CO2,HMI_Oil,Emissions,GradualDevelopment_globalLimit,2.56469317,0.974890034,,,,,
TR,Industry,CO2,HHI_BF_BOF,Emissions,GradualDevelopment_globalLimit,50.76298075,50.60920271,31.88813583,14.08303418,3.043592733,0.84451659,0.064775112
TR,Industry,CO2,HHI_DRI_EAF,Emissions,GradualDevelopment_globalLimit,0.734076233,,,0.177178703,0.059871212,,
TR,Buildings,CO2,HLR_Gas_Boiler,Emissions,GradualDevelopment_globalLimit,40.23279929,41.99869275,29.89409406,16.18994482,11.01855868,1.900622231,
TR,Buildings,CO2,HLR_Hardcoal,Emissions,GradualDevelopment_globalLimit,24.25604544,10.02594213,0.526297598,0.704671665,0.349889056,,
TR,Buildings,CO2,HLR_Oil_Boiler,Emissions,GradualDevelopment_globalLimit,2.780777788,0.647634876,0.040677375,0.080793682,0.040123656,0.015937228,
TR,Transportation,CO2,FRT_Rail_Conv,Emissions,GradualDevelopment_globalLimit,4.247309598,4.267528474,,,,,
TR,Transportation,CO2,FRT_Road_ICE,Emissions,GradualDevelopment_globalLimit,222.4590863,195.6587968,136.7793334,83.98651814,,,
TR,Transportation,CO2,FRT_Road_PHEV,Emissions,GradualDevelopment_globalLimit,,,9.00719697,8.868902001,7.421915282,,
TR,Transportation,CO2,FRT_Ship_Conv,Emissions,GradualDevelopment_globalLimit,2.895840087,2.834591114,2.77391131,0.242685627,,,
TR,Transportation,CO2,PSNG_Air_Conv,Emissions,GradualDevelopment_globalLimit,1.611805575,1.560850106,1.293048229,1.121011474,0.959818189,,
TR,Transportation,CO2,PSNG_Rail_Conv,Emissions,GradualDevelopment_globalLimit,0.437911728,0.321258864,,,,,
TR,Transportation,CO2,PSNG_Road_ICE,Emissions,GradualDevelopment_globalLimit,25.95752376,22.66514531,14.6050443,8.534685425,,,
TR,Transportation,CO2,PSNG_Road_PHEV,Emissions,GradualDevelopment_globalLimit,,,0.388134041,0.374016006,0.365737776,,
UK,Power,CO2,P_Coal_Hardcoal,Emissions,GradualDevelopment_globalLimit,58.54980173,48.35423954,27.64781128,,,,
UK,Power,CO2,P_Gas,Emissions,GradualDevelopment_globalLimit,35.85771247,29.26265792,38.14094241,23.329297,1.969816176,,
UK,Power,CO2,P_Oil,Emissions,GradualDevelopment_globalLimit,14.32812292,12.0960548,,,,,
UK,Industry,CO2,HLI_Gas_Boiler,Emissions,GradualDevelopment_globalLimit,9.785452962,9.667991253,9.918677832,9.443923081,7.222354253,2.796382397,
UK,Industry,CO2,HLI_Hardcoal,Emissions,GradualDevelopment_globalLimit,0.805365224,0.367413365,0.062865142,0.018746795,0.009308304,,
UK,Industry,CO2,HLI_Oil_Boiler,Emissions,GradualDevelopment_globalLimit,1.995379184,1.218853928,0.080168486,0.057986746,0.02879203,,
UK,Industry,CO2,HMI_Gas,Emissions,GradualDevelopment_globalLimit,51.58598696,51.74360719,51.91892794,47.18313424,32.45007433,14.19580086,
UK,Industry,CO2,HMI_HardCoal,Emissions,GradualDevelopment_globalLimit,4.657718251,0.708122246,,,,,
UK,Industry,CO2,HMI_Oil,Emissions,GradualDevelopment_globalLimit,21.65704205,10.99411292,,,,,
UK,Industry,CO2,HHI_BF_BOF,Emissions,GradualDevelopment_globalLimit,29.21989885,23.98766349,9.672471452,5.576100918,2.686185214,0.434061167,
UK,Industry,CO2,HHI_DRI_EAF,Emissions,GradualDevelopment_globalLimit,1.003359713,0.461830793,,,0.083278378,0.076735765,
UK,Buildings,CO2,HLR_Gas_Boiler,Emissions,GradualDevelopment_globalLimit,79.07388251,70.34044807,55.60373603,26.31216203,20.48122544,10.41524511,0.69152096
UK,Buildings,CO2,HLR_Hardcoal,Emissions,GradualDevelopment_globalLimit,3.107299712,2.315626022,0.297061772,0.177012172,0.087902209,,
UK,Buildings,CO2,HLR_Oil_Boiler,Emissions,GradualDevelopment_globalLimit,9.990807247,15.16201269,0.365321424,0.725603932,0.360289856,0.143113977,
UK,Transportation,CO2,FRT_Rail_Conv,Emissions,GradualDevelopment_globalLimit,2.555008114,2.06594932,,,,,
UK,Transportation,CO2,FRT_Road_ICE,Emissions,GradualDevelopment_globalLimit,231.6612831,224.7774316,166.3456748,102.141118,,,
UK,Transportation,CO2,FRT_Road_PHEV,Emissions,GradualDevelopment_globalLimit,,,10.95420062,10.78601168,9.026243039,,
UK,Transportation,CO2,FRT_Ship_Conv,Emissions,GradualDevelopment_globalLimit,2.758197086,2.419659565,2.244235999,0.232735538,,,
UK,Transportation,CO2,PSNG_Air_Conv,Emissions,GradualDevelopment_globalLimit,3.990452403,3.864298617,3.143078845,2.997390279,2.534703595,,
UK,Transportation,CO2,PSNG_Rail_Conv,Emissions,GradualDevelopment_globalLimit,1.301000022,0.954433877,,,,,
UK,Transportation,CO2,PSNG_Road_ICE,Emissions,GradualDevelopment_globalLimit,78.03575332,67.6962897,43.91633941,25.66319788,,,
UK,Transportation,CO2,PSNG_Road_PHEV,Emissions,GradualDevelopment_globalLimit,,0.197199602,1.16709172,1.124639785,1.099747728,,
NONEU_Balkan,Power,CO2,P_Coal_Lignite,Emissions,GradualDevelopment_globalLimit,33.18456,26.14732632,14.94335776,2.904909812,,,
NONEU_Balkan,Power,CO2,P_Gas,Emissions,GradualDevelopment_globalLimit,0.05097749,0.041601562,1.201543756,,,,
NONEU_Balkan,Industry,CO2,HLI_Gas_Boiler,Emissions,GradualDevelopment_globalLimit,1.047828814,1.321871405,1.473572789,1.474256553,0.906205836,0.389149249,
NONEU_Balkan,Industry,CO2,HLI_Hardcoal,Emissions,GradualDevelopment_globalLimit,0.055354241,0.022474987,0.00435958,0.000338526,0.000644917,,
NONEU_Balkan,Industry,CO2,HLI_Lignite,Emissions,GradualDevelopment_globalLimit,0.229737489,0.205439856,0.017966446,0.001340502,0.002662385,,
NONEU_Balkan,Industry,CO2,HLI_Oil_Boiler,Emissions,GradualDevelopment_globalLimit,0.423666713,0.091049232,0.004441461,0.005091494,0.010112272,,
NONEU_Balkan,Industry,CO2,HMI_Gas,Emissions,GradualDevelopment_globalLimit,3.241292256,4.36410425,4.646325264,4.059669663,2.992833853,0.12541886,
NONEU_Balkan,Industry,CO2,HMI_HardCoal,Emissions,GradualDevelopment_globalLimit,0.927568357,0.376023824,,,,,
NONEU_Balkan,Industry,CO2,HMI_Oil,Emissions,GradualDevelopment_globalLimit,1.986600769,0.158672215,,,,,
NONEU_Balkan,Industry,CO2,HHI_BF_BOF,Emissions,GradualDevelopment_globalLimit,5.865716715,5.92904393,3.601240779,1.612761291,0.3481133,0.094447306,
NONEU_Balkan,Industry,CO2,HHI_DRI_EAF,Emissions,GradualDevelopment_globalLimit,0.150731572,,0.008630422,0.04266436,0.016844886,,
NONEU_Balkan,Buildings,CO2,HLR_Gas_Boiler,Emissions,GradualDevelopment_globalLimit,3.323865464,3.562366757,3.53452147,2.237452801,1.345736714,0.317639908,
NONEU_Balkan,Buildings,CO2,HLR_Hardcoal,Emissions,GradualDevelopment_globalLimit,1.79755136,0.590316868,0.118079221,0.070376247,0.03495451,,
NONEU_Balkan,Buildings,CO2,HLR_Oil_Boiler,Emissions,GradualDevelopment_globalLimit,1.379281788,0.289781751,0.088046137,0.052466313,0.026058331,0.010362117,
NONEU_Balkan,Transportation,CO2,FRT_Rail_Conv,Emissions,GradualDevelopment_globalLimit,0.808400879,0.723569614,,,,,
NONEU_Balkan,Transportation,CO2,FRT_Road_ICE,Emissions,GradualDevelopment_globalLimit,42.34118485,35.17827438,26.03354683,15.9853605,,,
NONEU_Balkan,Transportation,CO2,FRT_Road_PHEV,Emissions,GradualDevelopment_globalLimit,,,1.714361946,1.688039924,1.412631384,,
NONEU_Balkan,Transportation,CO2,FRT_Ship_Conv,Emissions,GradualDevelopment_globalLimit,0.551172364,0.539514696,0.52796536,0.046190952,,,
NONEU_Balkan,Transportation,CO2,PSNG_Air_Conv,Emissions,GradualDevelopment_globalLimit,0.305154098,0.295506985,0.24480556,0.212234807,0.181716988,,
NONEU_Balkan,Transportation,CO2,PSNG_Rail_Conv,Emissions,GradualDevelopment_globalLimit,0.082907368,0.060822136,,,,,
NONEU_Balkan,Transportation,CO2,PSNG_Road_ICE,Emissions,GradualDevelopment_globalLimit,4.914392199,4.291064676,2.765091017,1.615824062,,,
NONEU_Balkan,Transportation,CO2,PSNG_Road_PHEV,Emissions,GradualDevelopment_globalLimit,,,0.073483238,0.07081035,0.069243079,,
