Region,Category,Emission,Technology,Timeslice,Scenario,Year,Value,2025,2030,2035,2040
AT,Power,CO2,P_Coal_Hardcoal,Emissions,SocietalCommitment_globalLimit,1.785375289,,,,,
AT,Power,CO2,P_Gas,Emissions,SocietalCommitment_globalLimit,2.74325131,2.25403816,0.187410292,0.639096042,0.559617066,
AT,Power,CO2,P_Oil,Emissions,SocietalCommitment_globalLimit,0.424368421,0.360713158,,,,
AT,Industry,CO2,HLI_Gas_Boiler,Emissions,SocietalCommitment_globalLimit,3.984488762,4.311796973,4.170087545,3.9623015,2.033909787,0.367215813
AT,Industry,CO2,HLI_Hardcoal,Emissions,SocietalCommitment_globalLimit,0.215569685,0.07703558,0.008530044,0.005126866,0.002563433,
AT,Industry,CO2,HLI_Oil_Boiler,Emissions,SocietalCommitment_globalLimit,0.600755257,0.114990211,0.029718269,0.017843048,0.008929078,
AT,Industry,CO2,HMI_Gas,Emissions,SocietalCommitment_globalLimit,12.9285883,12.95967006,11.92785025,8.754502941,7.462148895,
AT,Industry,CO2,HMI_HardCoal,Emissions,SocietalCommitment_globalLimit,0.542047759,0.166059751,,,,
AT,Industry,CO2,HMI_Oil,Emissions,SocietalCommitment_globalLimit,0.5263293,0.201483018,,,,
AT,Industry,CO2,HHI_BF_BOF,Emissions,SocietalCommitment_globalLimit,19.19224159,17.56758936,13.62433574,3.547934118,1.686478403,0.031127717
AT,Industry,CO2,HHI_DRI_EAF,Emissions,SocietalCommitment_globalLimit,0.446350331,0.173628586,,,0.037415007,
AT,Buildings,CO2,HLR_Gas_Boiler,Emissions,SocietalCommitment_globalLimit,10.7769589,10.12683673,7.027595574,2.958138785,1.493803312,
AT,Buildings,CO2,HLR_Hardcoal,Emissions,SocietalCommitment_globalLimit,0.060342187,0.003867248,0.000906041,0.001812082,0.000906041,
AT,Buildings,CO2,HLR_Oil_Boiler,Emissions,SocietalCommitment_globalLimit,3.195259106,0.19036175,0.011848781,0.023697562,0.047395125,
AT,Transportation,CO2,FRT_Rail_Conv,Emissions,SocietalCommitment_globalLimit,2.499142439,2.718751688,,,,
AT,Transportation,CO2,FRT_Road_ICE,Emissions,SocietalCommitment_globalLimit,40.0211555,38.68852692,29.99821946,16.49441836,,
AT,Transportation,CO2,FRT_Road_PHEV,Emissions,SocietalCommitment_globalLimit,,,,1.656393097,1.395841169,
AT,Transportation,CO2,FRT_Ship_Conv,Emissions,SocietalCommitment_globalLimit,0.49616343,0.911225804,0.673401806,0.078430837,,
AT,Transportation,CO2,PSNG_Air_Conv,Emissions,SocietalCommitment_globalLimit,0.306609688,0.292971229,0.257297257,0.196691941,0.181845889,
AT,Transportation,CO2,PSNG_Rail_Conv,Emissions,SocietalCommitment_globalLimit,0.266569081,0.196482302,,,,
AT,Transportation,CO2,PSNG_Road_ICE,Emissions,SocietalCommitment_globalLimit,9.522965434,8.147313558,5.06963937,2.808491886,,
AT,Transportation,CO2,PSNG_Road_PHEV,Emissions,SocietalCommitment_globalLimit,,0.039470607,0.124356966,0.117964296,0.113499863,
BE,Power,CO2,P_Coal_Hardcoal,Emissions,SocietalCommitment_globalLimit,1.339199644,,,,,
BE,Power,CO2,P_Gas,Emissions,SocietalCommitment_globalLimit,6.747398483,5.54411242,2.420788201,8.820631703,6.454162871,
BE,Industry,CO2,HLI_Gas_Boiler,Emissions,SocietalCommitment_globalLimit,4.391634586,4.236330447,4.204188152,4.16049596,4.173618608,0.547742477
BE,Industry,CO2,HLI_Hardcoal,Emissions,SocietalCommitment_globalLimit,0.203875127,0.062450531,0.016176146,0.004861683,0.002430842,
BE,Industry,CO2,HLI_Oil_Boiler,Emissions,SocietalCommitment_globalLimit,0.295651671,0.132092947,0.005773907,0.00789068,0.004724372,
BE,Industry,CO2,HMI_Gas,Emissions,SocietalCommitment_globalLimit,24.4552925,32.00477426,34.9294809,24.12293795,8.829186164,3.706147681
BE,Industry,CO2,HMI_HardCoal,Emissions,SocietalCommitment_globalLimit,0.311397948,0.111246418,0.012324197,,,
BE,Industry,CO2,HMI_Oil,Emissions,SocietalCommitment_globalLimit,19.03743764,11.40666787,,,,
BE,Industry,CO2,HHI_BF_BOF,Emissions,SocietalCommitment_globalLimit,17.16187117,14.57801737,10.71315946,3.666422494,1.556916497,0.23100613
BE,Industry,CO2,HHI_DRI_EAF,Emissions,SocietalCommitment_globalLimit,0.791040226,0.534405029,0.054282295,0.036313134,0.119563608,
BE,Buildings,CO2,HLR_Gas_Boiler,Emissions,SocietalCommitment_globalLimit,15.08081729,16.17300212,9.875941394,5.805196545,3.580594567,1.569910931
BE,Buildings,CO2,HLR_Hardcoal,Emissions,SocietalCommitment_globalLimit,0.498967806,0.025457541,0.019734014,0.011844828,,
BE,Buildings,CO2,HLR_Oil_Boiler,Emissions,SocietalCommitment_globalLimit,10.36844885,4.815258842,0.145391688,0.290783377,0.153758426,0.061506392
BE,Transportation,CO2,FRT_Rail_Conv,Emissions,SocietalCommitment_globalLimit,0.582404441,0.470027803,,,,
BE,Transportation,CO2,FRT_Road_ICE,Emissions,SocietalCommitment_globalLimit,56.41259857,54.60008162,39.33099075,23.27813077,,
BE,Transportation,CO2,FRT_Road_PHEV,Emissions,SocietalCommitment_globalLimit,,,2.357701412,2.337623205,1.969913249,
BE,Transportation,CO2,FRT_Ship_Conv,Emissions,SocietalCommitment_globalLimit,2.137650036,2.243533224,2.124272364,0.072901116,,
BE,Transportation,CO2,PSNG_Air_Conv,Emissions,SocietalCommitment_globalLimit,0.429680324,0.410567498,0.360574285,0.275642487,0.254837351,
BE,Transportation,CO2,PSNG_Rail_Conv,Emissions,SocietalCommitment_globalLimit,0.163435888,0.124351026,,,,
BE,Transportation,CO2,PSNG_Road_ICE,Emissions,SocietalCommitment_globalLimit,14.82822929,12.70205664,7.90381344,4.378574943,,
BE,Transportation,CO2,PSNG_Road_PHEV,Emissions,SocietalCommitment_globalLimit,,0.061536589,0.193878536,0.183912054,0.176951787,
BG,Power,CO2,P_Coal_Hardcoal,Emissions,SocietalCommitment_globalLimit,0.403122133,0.335204817,0.192984,0.0377927,,
BG,Power,CO2,P_Coal_Lignite,Emissions,SocietalCommitment_globalLimit,14.56266095,11.55304436,6.648171304,1.30134417,,
BG,Power,CO2,P_Gas,Emissions,SocietalCommitment_globalLimit,0.519215172,0.4266218,0.067283243,0.768780568,0.059928155,
BG,Industry,CO2,HLI_Gas_Boiler,Emissions,SocietalCommitment_globalLimit,0.890084581,0.995157101,1.006523339,0.985343218,0.745058227,0.131313988
BG,Industry,CO2,HLI_Hardcoal,Emissions,SocietalCommitment_globalLimit,0.0167622,0.006032907,0.001370111,0.000419873,0.000220986,
BG,Industry,CO2,HLI_Lignite,Emissions,SocietalCommitment_globalLimit,0.004105739,,,,,
BG,Industry,CO2,HLI_Oil_Boiler,Emissions,SocietalCommitment_globalLimit,0.091616289,0.035150791,0.00352892,0.002719516,0.001359758,
BG,Industry,CO2,HMI_Gas,Emissions,SocietalCommitment_globalLimit,6.572666842,7.72017995,5.704979767,5.052357198,3.93601569,0.591587467
BG,Industry,CO2,HMI_HardCoal,Emissions,SocietalCommitment_globalLimit,3.017081719,0.307893651,,,,
BG,Industry,CO2,HMI_Oil,Emissions,SocietalCommitment_globalLimit,0.118049678,0.060483677,,,,
BG,Industry,CO2,HHI_BF_BOF,Emissions,SocietalCommitment_globalLimit,1.479248891,1.148514225,0.566749373,0.21178049,0.074832552,
BG,Industry,CO2,HHI_DRI_EAF,Emissions,SocietalCommitment_globalLimit,0.153305364,0.121903546,0.02130023,0.028287431,0.012759182,0.002062028
BG,Buildings,CO2,HLR_Gas_Boiler,Emissions,SocietalCommitment_globalLimit,4.089199323,3.965499798,3.528527141,3.01472847,2.370581629,1.986013466
BG,Buildings,CO2,HLR_Hardcoal,Emissions,SocietalCommitment_globalLimit,0.495451733,0.031623039,,,,
BG,Buildings,CO2,HLR_Oil_Boiler,Emissions,SocietalCommitment_globalLimit,0.096307576,0.006149128,,,,
BG,Transportation,CO2,FRT_Rail_Conv,Emissions,SocietalCommitment_globalLimit,0.326181775,0.26980692,,,,
BG,Transportation,CO2,FRT_Road_ICE,Emissions,SocietalCommitment_globalLimit,17.08425013,16.66110092,12.00176972,7.103273007,,
BG,Transportation,CO2,FRT_Road_PHEV,Emissions,SocietalCommitment_globalLimit,,,0.719447664,0.713320841,0.601114915,
BG,Transportation,CO2,FRT_Ship_Conv,Emissions,SocietalCommitment_globalLimit,0.222392608,0.22153244,0.215245618,0.024822801,,
BG,Transportation,CO2,PSNG_Air_Conv,Emissions,SocietalCommitment_globalLimit,0.390978947,0.373587616,0.300201462,0.250815323,0.208083311,
BG,Transportation,CO2,PSNG_Rail_Conv,Emissions,SocietalCommitment_globalLimit,0.106225136,0.076780838,,,,
BG,Transportation,CO2,PSNG_Road_ICE,Emissions,SocietalCommitment_globalLimit,6.296569175,5.356929073,3.333331697,1.846607686,,
BG,Transportation,CO2,PSNG_Road_PHEV,Emissions,SocietalCommitment_globalLimit,,0.025952265,0.08176578,0.077562544,0.074627141,
CH,Power,CO2,P_Gas,Emissions,SocietalCommitment_globalLimit,0.184394897,0.15151114,0.31721791,0.257483731,0.210668507,
CH,Industry,CO2,HLI_Gas_Boiler,Emissions,SocietalCommitment_globalLimit,1.064454836,1.039849995,1.012301423,0.886371157,0.612427544,0.002317408
CH,Industry,CO2,HLI_Hardcoal,Emissions,SocietalCommitment_globalLimit,0.002519033,,,,,
CH,Industry,CO2,HLI_Oil_Boiler,Emissions,SocietalCommitment_globalLimit,0.207094147,0.132198706,0.004283707,0.006164237,0.003082118,
CH,Industry,CO2,HMI_Gas,Emissions,SocietalCommitment_globalLimit,2.274038749,2.305557002,2.069574668,1.874350565,1.555709338,
CH,Industry,CO2,HMI_HardCoal,Emissions,SocietalCommitment_globalLimit,0.002484558,,,,,
CH,Industry,CO2,HMI_Oil,Emissions,SocietalCommitment_globalLimit,0.256786212,0.081958829,,,,
CH,Industry,CO2,HHI_BF_BOF,Emissions,SocietalCommitment_globalLimit,2.691309662,2.374423674,1.243303826,0.377640918,0.181112846,0.00767186
CH,Industry,CO2,HHI_DRI_EAF,Emissions,SocietalCommitment_globalLimit,0.18284566,0.043022174,0.027585264,0.025671716,0.00928788,0.003634488
CH,Buildings,CO2,HLR_Gas_Boiler,Emissions,SocietalCommitment_globalLimit,11.6547376,13.55787714,5.678778106,3.836446233,2.340700463,1.07294237
CH,Buildings,CO2,HLR_Oil_Boiler,Emissions,SocietalCommitment_globalLimit,7.7674544,1.341352564,0.314620659,0.230358134,0.115186621,
CH,Transportation,CO2,FRT_Rail_Conv,Emissions,SocietalCommitment_globalLimit,1.021976208,1.422423061,,,,
CH,Transportation,CO2,FRT_Road_ICE,Emissions,SocietalCommitment_globalLimit,25.14467377,24.66796697,17.50975908,10.36318826,,
CH,Transportation,CO2,FRT_Road_PHEV,Emissions,SocietalCommitment_globalLimit,,,1.04962481,1.040686196,0.876985444,
CH,Transportation,CO2,FRT_Ship_Conv,Emissions,SocietalCommitment_globalLimit,0.006304284,0.006682061,0.006584116,0.000996547,,
CH,Transportation,CO2,PSNG_Air_Conv,Emissions,SocietalCommitment_globalLimit,0.335929191,0.320986556,0.281901267,0.055134156,0.065519825,
CH,Transportation,CO2,PSNG_Rail_Conv,Emissions,SocietalCommitment_globalLimit,0.324916424,0.239488866,,,,
CH,Transportation,CO2,PSNG_Road_ICE,Emissions,SocietalCommitment_globalLimit,10.20173978,8.728034705,5.430991215,3.008674512,,
CH,Transportation,CO2,PSNG_Road_PHEV,Emissions,SocietalCommitment_globalLimit,,0.042283978,0.133220835,0.126372511,0.121589864,
CZ,Power,CO2,P_Coal_Hardcoal,Emissions,SocietalCommitment_globalLimit,3.422417778,2.845814783,1.638391489,0.320851667,,
CZ,Power,CO2,P_Coal_Lignite,Emissions,SocietalCommitment_globalLimit,24.56827886,19.49083456,11.21595339,2.195463217,,
CZ,Power,CO2,P_Gas,Emissions,SocietalCommitment_globalLimit,1.381684966,1.13528448,0.226817368,1.717335154,1.682218838,
CZ,Industry,CO2,HLI_Gas_Boiler,Emissions,SocietalCommitment_globalLimit,2.402488896,2.484999759,2.459406205,2.337889224,1.983243703,
CZ,Industry,CO2,HLI_Hardcoal,Emissions,SocietalCommitment_globalLimit,0.05847279,0.020883139,0.002320349,0.001392209,0.000707154,
CZ,Industry,CO2,HLI_Lignite,Emissions,SocietalCommitment_globalLimit,0.188118379,0.169389779,0.007455578,0.004482784,0.002241392,
CZ,Industry,CO2,HLI_Oil_Boiler,Emissions,SocietalCommitment_globalLimit,0.099036148,0.031652147,0.004910238,0.002946143,0.001480626,
CZ,Industry,CO2,HMI_Gas,Emissions,SocietalCommitment_globalLimit,11.05404088,13.7033271,13.33383081,10.11177797,4.355009988,
CZ,Industry,CO2,HMI_HardCoal,Emissions,SocietalCommitment_globalLimit,7.296733046,1.116853937,0.056427178,,,
CZ,Industry,CO2,HMI_Oil,Emissions,SocietalCommitment_globalLimit,0.282338451,0.162259095,,,,
CZ,Industry,CO2,HHI_BF_BOF,Emissions,SocietalCommitment_globalLimit,13.70651519,11.99109044,10.80270001,3.187434717,1.483828279,0.183650645
CZ,Industry,CO2,HHI_DRI_EAF,Emissions,SocietalCommitment_globalLimit,0.289884394,0.420707522,0.010114788,,0.031440262,
CZ,Buildings,CO2,HLR_Gas_Boiler,Emissions,SocietalCommitment_globalLimit,12.2528654,13.75550618,4.411508115,2.800760531,1.665560089,
CZ,Buildings,CO2,HLR_Hardcoal,Emissions,SocietalCommitment_globalLimit,3.544616406,0.412535918,,,,
CZ,Buildings,CO2,HLR_Oil_Boiler,Emissions,SocietalCommitment_globalLimit,0.155361506,0.000288949,0.000577897,0.001155794,0.002311589,
CZ,Transportation,CO2,FRT_Rail_Conv,Emissions,SocietalCommitment_globalLimit,0.92562641,0.754816112,,,,
CZ,Transportation,CO2,FRT_Road_ICE,Emissions,SocietalCommitment_globalLimit,45.91077955,44.81438422,32.28189555,19.10610873,,
CZ,Transportation,CO2,FRT_Road_PHEV,Emissions,SocietalCommitment_globalLimit,,,1.935142473,1.918662782,1.616855627,
CZ,Transportation,CO2,FRT_Ship_Conv,Emissions,SocietalCommitment_globalLimit,0.047582741,0.067983531,0.050240272,0.001779771,,
CZ,Transportation,CO2,PSNG_Air_Conv,Emissions,SocietalCommitment_globalLimit,0.102740397,0.09817035,0.086216527,0.042343285,0.071178339,
CZ,Transportation,CO2,PSNG_Rail_Conv,Emissions,SocietalCommitment_globalLimit,0.284718269,0.210257892,,,,
CZ,Transportation,CO2,PSNG_Road_ICE,Emissions,SocietalCommitment_globalLimit,9.691202395,8.292511549,5.159988347,2.858543645,,
CZ,Transportation,CO2,PSNG_Road_PHEV,Emissions,SocietalCommitment_globalLimit,,0.040174036,0.126573203,0.120066606,0.11552261,
DE,Power,CO2,P_Coal_Hardcoal,Emissions,SocietalCommitment_globalLimit,62.44326528,51.92293254,29.89305253,5.85405612,,
DE,Power,CO2,P_Coal_Lignite,Emissions,SocietalCommitment_globalLimit,102.9708274,81.69018976,47.00842122,9.201648409,,
DE,Power,CO2,P_Gas,Emissions,SocietalCommitment_globalLimit,20.76063683,17.05832326,2.701977244,6.713664883,3.160258042,
DE,Power,CO2,P_Oil,Emissions,SocietalCommitment_globalLimit,2.311496211,1.964771779,,,,
DE,Power,CO2,HLR_Hardcoal_CHP,Emissions,SocietalCommitment_globalLimit,27.80141419,23.63120206,13.9007071,2.780141419,,
DE,Power,CO2,HLR_Lignite_CHP,Emissions,SocietalCommitment_globalLimit,8.132129032,6.912309677,4.066064516,0.813212903,,
DE,Industry,CO2,HLI_Gas_Boiler,Emissions,SocietalCommitment_globalLimit,23.37494998,21.97902049,20.48186035,18.97695331,8.492149547,1.452919375
DE,Industry,CO2,HLI_Hardcoal,Emissions,SocietalCommitment_globalLimit,1.524580538,0.388934656,0.018087671,0.036175343,,
DE,Industry,CO2,HLI_Lignite,Emissions,SocietalCommitment_globalLimit,0.096556336,0.086983941,0.001156086,0.002312173,,
DE,Industry,CO2,HLI_Oil_Boiler,Emissions,SocietalCommitment_globalLimit,0.865640318,0.331327728,0.01284216,0.02568432,,
DE,Industry,CO2,HMI_Gas,Emissions,SocietalCommitment_globalLimit,112.364823,116.4403571,111.4771383,90.86506021,61.4846978,11.89061076
DE,Industry,CO2,HMI_HardCoal,Emissions,SocietalCommitment_globalLimit,22.10842616,14.66375204,,,,
DE,Industry,CO2,HMI_Oil,Emissions,SocietalCommitment_globalLimit,21.35897787,12.2597699,,,,
DE,Industry,CO2,HHI_BF_BOF,Emissions,SocietalCommitment_globalLimit,108.4449948,104.2488407,63.12765593,32.17217439,20.17633823,4.4121842
DE,Industry,CO2,HHI_DRI_EAF,Emissions,SocietalCommitment_globalLimit,3.751380275,0.523012705,,0.134184616,1.257794184,0.982793783
DE,Buildings,CO2,HLR_Gas_Boiler,Emissions,SocietalCommitment_globalLimit,113.5399935,102.6765931,107.0689061,71.7093808,52.25678714,10.72983662
DE,Buildings,CO2,HLR_Hardcoal,Emissions,SocietalCommitment_globalLimit,3.314784,0.634250771,0.049158247,0.098316493,0.049169296,
DE,Buildings,CO2,HLR_Hardcoal_CHP,Emissions,SocietalCommitment_globalLimit,27.80141419,23.63120206,13.9007071,2.780141419,,
DE,Buildings,CO2,HLR_Lignite_CHP,Emissions,SocietalCommitment_globalLimit,8.132129032,6.912309677,4.066064516,0.813212903,,
DE,Buildings,CO2,HLR_Oil_Boiler,Emissions,SocietalCommitment_globalLimit,53.95218042,30.88086895,0.200001534,0.400003067,0.800006134,
DE,Transportation,CO2,FRT_Rail_Conv,Emissions,SocietalCommitment_globalLimit,13.05531346,10.62867586,,,,
DE,Transportation,CO2,FRT_Road_ICE,Emissions,SocietalCommitment_globalLimit,469.1567686,456.0999797,328.5501331,194.4530971,,
DE,Transportation,CO2,FRT_Road_PHEV,Emissions,SocietalCommitment_globalLimit,,,19.69498093,19.52725829,16.4556053,
DE,Transportation,CO2,FRT_Ship_Conv,Emissions,SocietalCommitment_globalLimit,12.91908497,15.70143924,12.40056865,0.984221543,,
DE,Transportation,CO2,PSNG_Air_Conv,Emissions,SocietalCommitment_globalLimit,5.397287101,5.157207666,4.067127208,3.747494105,3.069631297,
DE,Transportation,CO2,PSNG_Rail_Conv,Emissions,SocietalCommitment_globalLimit,1.583701029,1.13802437,,,,
DE,Transportation,CO2,PSNG_Road_ICE,Emissions,SocietalCommitment_globalLimit,106.7890045,90.89124465,56.55678144,31.33147157,,
DE,Transportation,CO2,PSNG_Road_PHEV,Emissions,SocietalCommitment_globalLimit,,0.440333196,1.387323482,1.316007001,1.266201894,
DK,Power,CO2,P_Coal_Hardcoal,Emissions,SocietalCommitment_globalLimit,4.30407296,3.578930233,2.06046046,0.40350684,,
DK,Power,CO2,P_Gas,Emissions,SocietalCommitment_globalLimit,0.544874152,0.447704928,0.123244178,0.599241061,0.229372457,
DK,Industry,CO2,HLI_Gas_Boiler,Emissions,SocietalCommitment_globalLimit,1.2703491,1.501048652,1.513453983,1.301541891,0.498938178,0.071785978
DK,Industry,CO2,HLI_Hardcoal,Emissions,SocietalCommitment_globalLimit,0.077573901,0.023866445,0.003885912,0.001856279,,
DK,Industry,CO2,HLI_Oil_Boiler,Emissions,SocietalCommitment_globalLimit,0.326348255,0.08327763,0.016135796,0.009684499,,
DK,Industry,CO2,HMI_Gas,Emissions,SocietalCommitment_globalLimit,4.08259262,4.23960093,3.051870095,2.4220818,1.994892428,
DK,Industry,CO2,HMI_HardCoal,Emissions,SocietalCommitment_globalLimit,0.453845946,0.139016941,,,,
DK,Industry,CO2,HMI_Oil,Emissions,SocietalCommitment_globalLimit,0.310758726,0.019838129,,,,
DK,Industry,CO2,HHI_BF_BOF,Emissions,SocietalCommitment_globalLimit,0.516109197,0.389442756,0.157610047,0.078942347,0.028657071,0.000761727
DK,Industry,CO2,HHI_DRI_EAF,Emissions,SocietalCommitment_globalLimit,0.066507835,0.148889321,,0.008845582,0.009143247,0.001517933
DK,Buildings,CO2,HLR_Gas_Boiler,Emissions,SocietalCommitment_globalLimit,9.325324179,8.848500107,5.904073563,2.880676517,2.219328334,
DK,Buildings,CO2,HLR_Oil_Boiler,Emissions,SocietalCommitment_globalLimit,0.8690448,0.055447914,0.042983465,0.006451297,0.012902594,
DK,Transportation,CO2,FRT_Rail_Conv,Emissions,SocietalCommitment_globalLimit,0.284747733,0.223292139,,,,
DK,Transportation,CO2,FRT_Road_ICE,Emissions,SocietalCommitment_globalLimit,23.83193701,23.28214922,16.77122027,9.926082488,,
DK,Transportation,CO2,FRT_Road_PHEV,Emissions,SocietalCommitment_globalLimit,,,1.005353004,0.996791409,0.839995341,
DK,Transportation,CO2,FRT_Ship_Conv,Emissions,SocietalCommitment_globalLimit,0.23645578,0.264548758,0.199729609,0.04742219,,
DK,Transportation,CO2,PSNG_Air_Conv,Emissions,SocietalCommitment_globalLimit,0.150828876,0.144119781,0.126570873,0.092209369,0.080272792,
DK,Transportation,CO2,PSNG_Rail_Conv,Emissions,SocietalCommitment_globalLimit,0.110642551,0.079506117,,,,
DK,Transportation,CO2,PSNG_Road_ICE,Emissions,SocietalCommitment_globalLimit,7.720884844,6.575403013,4.091523144,2.266632538,,
DK,Transportation,CO2,PSNG_Road_PHEV,Emissions,SocietalCommitment_globalLimit,,0.031855304,0.100364023,0.09520473,0.091601647,
EE,Power,CO2,P_Oil,Emissions,SocietalCommitment_globalLimit,4.381519074,3.724291213,,,,
EE,Industry,CO2,HLI_Gas_Boiler,Emissions,SocietalCommitment_globalLimit,0.20738111,0.236595943,0.244017946,0.229126073,0.100366498,0.012828219
EE,Industry,CO2,HLI_Oil_Boiler,Emissions,SocietalCommitment_globalLimit,0.052959853,0.027195162,0.002643974,0.001586384,,
EE,Industry,CO2,HMI_Gas,Emissions,SocietalCommitment_globalLimit,0.776955528,0.918023113,0.892577074,0.647824905,0.456461937,0.01445841
EE,Industry,CO2,HMI_Oil,Emissions,SocietalCommitment_globalLimit,0.441867728,0.170175704,,,,
EE,Industry,CO2,HHI_DRI_EAF,Emissions,SocietalCommitment_globalLimit,0.009889176,0.006068643,0.001576109,0.000788514,0.000310635,
EE,Buildings,CO2,HLR_Gas_Boiler,Emissions,SocietalCommitment_globalLimit,1.946163305,1.834687217,1.590977735,0.554839443,0.3476277,0.090970331
EE,Buildings,CO2,HLR_Oil_Boiler,Emissions,SocietalCommitment_globalLimit,0.115969224,0.007403128,0.005741201,0.003444721,0.00172236,
EE,Transportation,CO2,FRT_Rail_Conv,Emissions,SocietalCommitment_globalLimit,0.335263093,0.353133283,,,,
EE,Transportation,CO2,FRT_Road_ICE,Emissions,SocietalCommitment_globalLimit,6.116697631,5.865592533,4.548049412,2.500729412,,
EE,Transportation,CO2,FRT_Road_PHEV,Emissions,SocietalCommitment_globalLimit,,,,0.251126826,0.21162438,
EE,Transportation,CO2,FRT_Ship_Conv,Emissions,SocietalCommitment_globalLimit,0.090481287,0.14955555,0.110522526,0.011780668,,
EE,Transportation,CO2,PSNG_Air_Conv,Emissions,SocietalCommitment_globalLimit,0.027485841,0.026799214,0.023532947,0.017319809,0.015058776,
EE,Transportation,CO2,PSNG_Rail_Conv,Emissions,SocietalCommitment_globalLimit,0.00672087,0.005113608,,,,
EE,Transportation,CO2,PSNG_Road_ICE,Emissions,SocietalCommitment_globalLimit,1.501845343,1.280414172,0.796733555,0.441376509,,
EE,Transportation,CO2,PSNG_Road_PHEV,Emissions,SocietalCommitment_globalLimit,,0.006203115,0.019543672,0.018539014,0.017837393,
ES,Power,CO2,P_Coal_Hardcoal,Emissions,SocietalCommitment_globalLimit,39.65126458,32.97088848,18.98198836,3.717306054,,
ES,Power,CO2,P_Gas,Emissions,SocietalCommitment_globalLimit,19.29249596,15.85200085,1.01172143,,,
ES,Power,CO2,P_Oil,Emissions,SocietalCommitment_globalLimit,11.84930919,10.07191281,,,,
ES,Industry,CO2,HLI_Gas_Boiler,Emissions,SocietalCommitment_globalLimit,7.801149986,6.309558626,6.005377234,2.494680582,1.715515984,0.225009532
ES,Industry,CO2,HLI_Hardcoal,Emissions,SocietalCommitment_globalLimit,0.078743357,0.032175503,0.000950238,0.001900476,0.000950238,
ES,Industry,CO2,HLI_Oil_Boiler,Emissions,SocietalCommitment_globalLimit,1.516553498,0.580344765,0.005624111,0.011248221,0.022496443,
ES,Industry,CO2,HMI_Gas,Emissions,SocietalCommitment_globalLimit,48.53780017,50.29693852,35.84331337,15.19034238,10.90357489,3.396848382
ES,Industry,CO2,HMI_HardCoal,Emissions,SocietalCommitment_globalLimit,5.880949022,0.600106229,,,,
ES,Industry,CO2,HMI_Oil,Emissions,SocietalCommitment_globalLimit,4.899411994,0.937496992,,,,
ES,Industry,CO2,HHI_BF_BOF,Emissions,SocietalCommitment_globalLimit,26.98104219,24.36482591,8.11734075,3.873259748,1.997479097,0.124652287
ES,Industry,CO2,HHI_DRI_EAF,Emissions,SocietalCommitment_globalLimit,1.592046443,2.028816638,,0.076663634,0.08299808,
ES,Buildings,CO2,HLR_Gas_Boiler,Emissions,SocietalCommitment_globalLimit,18.80061988,22.65701186,17.33272921,6.629256671,4.128910589,1.8854245
ES,Buildings,CO2,HLR_Oil_Boiler,Emissions,SocietalCommitment_globalLimit,11.53938616,2.207839256,0.570373205,0.34223601,0.171118005,
ES,Transportation,CO2,FRT_Rail_Conv,Emissions,SocietalCommitment_globalLimit,8.027058475,8.454916671,,,,
ES,Transportation,CO2,FRT_Road_ICE,Emissions,SocietalCommitment_globalLimit,146.4494323,140.4373321,108.8919699,59.87387717,,
ES,Transportation,CO2,FRT_Road_PHEV,Emissions,SocietalCommitment_globalLimit,,,,6.012620431,5.06683054,
ES,Transportation,CO2,FRT_Ship_Conv,Emissions,SocietalCommitment_globalLimit,2.166354108,3.580743522,2.64619279,0.282059423,,
ES,Transportation,CO2,PSNG_Air_Conv,Emissions,SocietalCommitment_globalLimit,1.020877363,0.975467204,0.856688343,0.624114293,0.543322199,
ES,Transportation,CO2,PSNG_Rail_Conv,Emissions,SocietalCommitment_globalLimit,0.249626108,0.189929294,,,,
ES,Transportation,CO2,PSNG_Road_ICE,Emissions,SocietalCommitment_globalLimit,55.7814442,47.55706176,29.59222704,16.39357822,,
ES,Transportation,CO2,PSNG_Road_PHEV,Emissions,SocietalCommitment_globalLimit,,0.230395712,0.725889812,0.688574862,0.662515316,
FI,Power,CO2,P_Coal_Hardcoal,Emissions,SocietalCommitment_globalLimit,3.0998528,2.577594991,1.483972085,0.2906112,,
FI,Power,CO2,P_Gas,Emissions,SocietalCommitment_globalLimit,2.466697655,2.02680324,,,,
FI,Industry,CO2,HLI_Gas_Boiler,Emissions,SocietalCommitment_globalLimit,8.083437304,8.797840498,8.085362396,7.272946277,4.517912514,1.224998148
FI,Industry,CO2,HLI_Hardcoal,Emissions,SocietalCommitment_globalLimit,0.196078755,0.060063886,0.007778693,0.004684895,0.002342447,
FI,Industry,CO2,HLI_Oil_Boiler,Emissions,SocietalCommitment_globalLimit,1.516599739,0.290217708,0.074983106,0.044992885,0.022496443,
FI,Industry,CO2,HMI_Gas,Emissions,SocietalCommitment_globalLimit,7.678885828,8.422383037,8.463302968,5.663998139,4.856825558,0.137736044
FI,Industry,CO2,HMI_HardCoal,Emissions,SocietalCommitment_globalLimit,0.069153534,0.003544674,,,,
FI,Industry,CO2,HMI_Oil,Emissions,SocietalCommitment_globalLimit,7.371181856,2.820633008,,,,
FI,Industry,CO2,HHI_BF_BOF,Emissions,SocietalCommitment_globalLimit,10.7734646,9.767685399,3.014344089,1.450911814,0.657387489,0.040075997
FI,Industry,CO2,HHI_DRI_EAF,Emissions,SocietalCommitment_globalLimit,0.029908206,0.058278936,,,0.002525074,
FI,Buildings,CO2,HLR_Gas_Boiler,Emissions,SocietalCommitment_globalLimit,10.1400432,10.90831769,6.487165418,2.241936365,1.427609049,0.611538384
FI,Buildings,CO2,HLR_Oil_Boiler,Emissions,SocietalCommitment_globalLimit,1.751335341,0.012989467,0.025978934,0.051957869,0.025986488,
FI,Transportation,CO2,FRT_Rail_Conv,Emissions,SocietalCommitment_globalLimit,0.752977358,0.623679971,,,,
FI,Transportation,CO2,FRT_Road_ICE,Emissions,SocietalCommitment_globalLimit,37.46638161,36.53840001,26.3203173,15.57773593,,
FI,Transportation,CO2,FRT_Road_PHEV,Emissions,SocietalCommitment_globalLimit,,,1.577774881,1.564338536,1.318266862,
FI,Transportation,CO2,FRT_Ship_Conv,Emissions,SocietalCommitment_globalLimit,0.406429229,0.459503002,0.386215744,0.052917108,,
FI,Transportation,CO2,PSNG_Air_Conv,Emissions,SocietalCommitment_globalLimit,0.600078884,0.573386474,0.466868987,0.396274935,0.335024204,
FI,Transportation,CO2,PSNG_Rail_Conv,Emissions,SocietalCommitment_globalLimit,0.09782132,0.074427849,,,,
FI,Transportation,CO2,PSNG_Road_ICE,Emissions,SocietalCommitment_globalLimit,8.480692703,7.218165566,4.491480053,2.488201697,,
FI,Transportation,CO2,PSNG_Road_PHEV,Emissions,SocietalCommitment_globalLimit,,0.034969242,0.110174865,0.104511237,0.100555944,
FR,Power,CO2,P_Coal_Hardcoal,Emissions,SocietalCommitment_globalLimit,9.107129387,7.572776066,,,,
FR,Power,CO2,P_Gas,Emissions,SocietalCommitment_globalLimit,8.583694634,7.052935758,2.432399654,4.547844798,7.45245598,
FR,Power,CO2,P_Oil,Emissions,SocietalCommitment_globalLimit,4.462349684,3.792997232,,,,
FR,Industry,CO2,HLI_Gas_Boiler,Emissions,SocietalCommitment_globalLimit,15.15652598,14.77603357,15.26868178,14.25512042,8.704672642,1.469507448
FR,Industry,CO2,HLI_Hardcoal,Emissions,SocietalCommitment_globalLimit,0.80926341,0.28911546,0.064041627,0.038451494,,
FR,Industry,CO2,HLI_Oil_Boiler,Emissions,SocietalCommitment_globalLimit,2.331798526,2.264673096,0.084575607,0.138332726,,
FR,Industry,CO2,HMI_Gas,Emissions,SocietalCommitment_globalLimit,54.29347155,63.56119142,43.59308035,37.79033843,32.57682871,1.109797287
FR,Industry,CO2,HMI_HardCoal,Emissions,SocietalCommitment_globalLimit,10.53535453,1.075045566,0.416581331,,,
FR,Industry,CO2,HMI_Oil,Emissions,SocietalCommitment_globalLimit,5.444755995,1.38905675,,,,
FR,Industry,CO2,HHI_BF_BOF,Emissions,SocietalCommitment_globalLimit,45.29664035,42.33557828,29.74300302,10.52786523,6.056469874,1.500981881
FR,Industry,CO2,HHI_DRI_EAF,Emissions,SocietalCommitment_globalLimit,1.377531904,0.673868631,,0.237022963,0.157810082,0.00408427
FR,Buildings,CO2,HLR_Gas_Boiler,Emissions,SocietalCommitment_globalLimit,72.99764689,70.6533357,66.03585325,27.68558078,13.70497539,7.171340073
FR,Buildings,CO2,HLR_Hardcoal,Emissions,SocietalCommitment_globalLimit,0.298115498,0.078560381,0.012198405,0.007336722,,
FR,Buildings,CO2,HLR_Oil_Boiler,Emissions,SocietalCommitment_globalLimit,23.18922249,16.40520697,1.146170334,0.687705222,0.343852611,0.092986542
FR,Transportation,CO2,FRT_Rail_Conv,Emissions,SocietalCommitment_globalLimit,6.164383876,4.928741052,,,,
FR,Transportation,CO2,FRT_Road_ICE,Emissions,SocietalCommitment_globalLimit,375.2873491,367.4880338,263.8481477,156.159089,,
FR,Transportation,CO2,FRT_Road_PHEV,Emissions,SocietalCommitment_globalLimit,,,15.8164119,15.68171919,13.21497251,
FR,Transportation,CO2,FRT_Ship_Conv,Emissions,SocietalCommitment_globalLimit,3.914477184,3.803294032,2.89317256,0.480381941,,
FR,Transportation,CO2,PSNG_Air_Conv,Emissions,SocietalCommitment_globalLimit,4.960633299,4.739976881,3.738086613,3.444312615,2.821290575,
FR,Transportation,CO2,PSNG_Rail_Conv,Emissions,SocietalCommitment_globalLimit,1.779036992,1.292062552,,,,
FR,Transportation,CO2,PSNG_Road_ICE,Emissions,SocietalCommitment_globalLimit,95.86696462,81.56069055,50.75087449,28.11510027,,
FR,Transportation,CO2,PSNG_Road_PHEV,Emissions,SocietalCommitment_globalLimit,,0.395130242,1.244906059,1.18091066,1.136218359,
GR,Power,CO2,P_Coal_Lignite,Emissions,SocietalCommitment_globalLimit,17.53674805,13.91248679,8.005906719,1.567113656,,
GR,Power,CO2,P_Gas,Emissions,SocietalCommitment_globalLimit,3.505182939,2.880091982,6.642172591,6.114385842,4.008279731,
GR,Power,CO2,P_Oil,Emissions,SocietalCommitment_globalLimit,2.713241937,2.306255646,,,,
GR,Industry,CO2,HLI_Gas_Boiler,Emissions,SocietalCommitment_globalLimit,0.855537022,1.215046403,1.227154504,1.117894256,0.62978487,0.023341384
GR,Industry,CO2,HLI_Oil_Boiler,Emissions,SocietalCommitment_globalLimit,0.647297567,0.117012927,0.010922561,0.021845122,0.003824471,
GR,Industry,CO2,HMI_Gas,Emissions,SocietalCommitment_globalLimit,5.848508937,6.343392641,4.215928034,3.262991112,2.568689509,0.319878741
GR,Industry,CO2,HMI_Oil,Emissions,SocietalCommitment_globalLimit,2.571381196,0.351970469,,,,
GR,Industry,CO2,HHI_BF_BOF,Emissions,SocietalCommitment_globalLimit,6.346624759,6.066225398,2.689104679,1.170408822,0.370747182,0.005015977
GR,Industry,CO2,HHI_DRI_EAF,Emissions,SocietalCommitment_globalLimit,0.110904094,0.142082168,,0.029571656,0.010302104,
GR,Buildings,CO2,HLR_Gas_Boiler,Emissions,SocietalCommitment_globalLimit,7.469054087,8.23537302,4.119187651,2.214983578,1.189372171,0.294478507
GR,Buildings,CO2,HLR_Hardcoal,Emissions,SocietalCommitment_globalLimit,0.0196768,0.001281716,0.000298331,0.000596661,,
GR,Buildings,CO2,HLR_Oil_Boiler,Emissions,SocietalCommitment_globalLimit,4.537908141,0.360658451,,,,
GR,Transportation,CO2,FRT_Rail_Conv,Emissions,SocietalCommitment_globalLimit,0.131362973,0.111595899,,,,
GR,Transportation,CO2,FRT_Road_ICE,Emissions,SocietalCommitment_globalLimit,40.96089139,39.02705253,28.11301003,16.63874495,,
GR,Transportation,CO2,FRT_Road_PHEV,Emissions,SocietalCommitment_globalLimit,,,1.685238082,1.670886579,1.408054815,
GR,Transportation,CO2,FRT_Ship_Conv,Emissions,SocietalCommitment_globalLimit,0.141809714,0.202609706,0.149729892,0.005304211,,
GR,Transportation,CO2,PSNG_Air_Conv,Emissions,SocietalCommitment_globalLimit,0.893352192,0.853614545,0.685933697,0.573090751,0.475451896,
GR,Transportation,CO2,PSNG_Rail_Conv,Emissions,SocietalCommitment_globalLimit,0.242715008,0.1754374,,,,
GR,Transportation,CO2,PSNG_Road_ICE,Emissions,SocietalCommitment_globalLimit,14.38710171,12.24010748,7.616367077,4.219334666,,
GR,Transportation,CO2,PSNG_Road_PHEV,Emissions,SocietalCommitment_globalLimit,,0.059298623,0.18682755,0.177223529,0.170516394,
HR,Power,CO2,P_Coal_Hardcoal,Emissions,SocietalCommitment_globalLimit,1.38887936,1.154883381,0.664889055,0.13020744,,
HR,Power,CO2,P_Gas,Emissions,SocietalCommitment_globalLimit,0.333442924,0.273978936,0.081573257,0.080257559,0.076802226,
HR,Power,CO2,P_Oil,Emissions,SocietalCommitment_globalLimit,0.115428211,0.098113979,,,,
HR,Industry,CO2,HLI_Gas_Boiler,Emissions,SocietalCommitment_globalLimit,0.480953903,0.590146852,0.589825323,0.548068553,0.417742236,
HR,Industry,CO2,HLI_Hardcoal,Emissions,SocietalCommitment_globalLimit,0.006894698,0.004132431,0.00061876,0.000397774,,
HR,Industry,CO2,HLI_Lignite,Emissions,SocietalCommitment_globalLimit,0.025803848,0.023306702,0.002076237,0.001274054,,
HR,Industry,CO2,HLI_Oil_Boiler,Emissions,SocietalCommitment_globalLimit,0.20626569,0.052698181,0.001657305,0.00331461,0.001450459,
HR,Industry,CO2,HMI_Gas,Emissions,SocietalCommitment_globalLimit,3.25422199,3.21971366,2.64965689,2.263722021,1.803941802,0.115591874
HR,Industry,CO2,HMI_HardCoal,Emissions,SocietalCommitment_globalLimit,0.102695068,0.031549944,,,,
HR,Industry,CO2,HMI_Oil,Emissions,SocietalCommitment_globalLimit,0.255076339,0.130272535,,,,
HR,Industry,CO2,HHI_BF_BOF,Emissions,SocietalCommitment_globalLimit,0.147336414,0.043682462,0.053594897,0.026726279,0.006849102,
HR,Industry,CO2,HHI_DRI_EAF,Emissions,SocietalCommitment_globalLimit,0.060292629,0.133671697,0.010863683,0.011591788,0.006018581,0.001111726
HR,Buildings,CO2,HLR_Gas_Boiler,Emissions,SocietalCommitment_globalLimit,1.767572027,1.735986953,1.546184464,1.243284014,1.032876212,0.542592728
HR,Buildings,CO2,HLR_Hardcoal,Emissions,SocietalCommitment_globalLimit,0.012815147,0.001679491,0.000662957,0.000397774,0.000198887,
HR,Buildings,CO2,HLR_Oil_Boiler,Emissions,SocietalCommitment_globalLimit,0.342112659,0.021831672,0.016921434,0.010152861,0.00507643,
HR,Transportation,CO2,FRT_Rail_Conv,Emissions,SocietalCommitment_globalLimit,0.201180414,0.166409873,,,,
HR,Transportation,CO2,FRT_Road_ICE,Emissions,SocietalCommitment_globalLimit,10.53712002,10.27613262,7.402378624,4.381113577,,
HR,Transportation,CO2,FRT_Road_PHEV,Emissions,SocietalCommitment_globalLimit,,,0.44373656,0.439957695,0.370752006,
HR,Transportation,CO2,FRT_Ship_Conv,Emissions,SocietalCommitment_globalLimit,0.137165962,0.160193266,0.132757885,0.015310056,,
HR,Transportation,CO2,PSNG_Air_Conv,Emissions,SocietalCommitment_globalLimit,0.198669211,0.189832106,0.152542197,0.127447482,0.105733947,
HR,Transportation,CO2,PSNG_Rail_Conv,Emissions,SocietalCommitment_globalLimit,0.053976471,0.039014859,,,,
HR,Transportation,CO2,PSNG_Road_ICE,Emissions,SocietalCommitment_globalLimit,3.199493064,2.722031147,1.69377503,0.938321857,,
HR,Transportation,CO2,PSNG_Road_PHEV,Emissions,SocietalCommitment_globalLimit,,0.013187196,0.041547871,0.039412069,0.037920495,
HU,Power,CO2,P_Coal_Hardcoal,Emissions,SocietalCommitment_globalLimit,0.0484352,0.040274922,0.023187064,0.0045408,,
HU,Power,CO2,P_Coal_Lignite,Emissions,SocietalCommitment_globalLimit,3.954582857,3.1373024,1.805353043,0.353388255,,
HU,Power,CO2,P_Gas,Emissions,SocietalCommitment_globalLimit,1.422912662,1.169159904,0.581595527,2.549332786,1.040277522,
HU,Industry,CO2,HLI_Gas_Boiler,Emissions,SocietalCommitment_globalLimit,1.727058688,1.542238462,1.538370926,1.531483553,0.969123444,0.101035508
HU,Industry,CO2,HLI_Hardcoal,Emissions,SocietalCommitment_globalLimit,0.018321474,0.007601905,0.00046407,0.00092814,,
HU,Industry,CO2,HLI_Lignite,Emissions,SocietalCommitment_globalLimit,0.001248573,,,,,
HU,Industry,CO2,HLI_Oil_Boiler,Emissions,SocietalCommitment_globalLimit,0.231201888,0.059043719,0.002197382,0.004394764,0.002394307,
HU,Industry,CO2,HMI_Gas,Emissions,SocietalCommitment_globalLimit,8.165874311,9.394293687,8.858164504,8.169987002,6.052203845,
HU,Industry,CO2,HMI_HardCoal,Emissions,SocietalCommitment_globalLimit,0.006625488,0.002816959,,,,
HU,Industry,CO2,HMI_Oil,Emissions,SocietalCommitment_globalLimit,6.049759524,2.700893421,,,,
HU,Industry,CO2,HHI_BF_BOF,Emissions,SocietalCommitment_globalLimit,4.91435999,4.099870931,3.230209634,0.994756583,0.478813822,0.001088536
HU,Industry,CO2,HHI_DRI_EAF,Emissions,SocietalCommitment_globalLimit,0.114905906,0.506395568,,0.011951844,0.013780724,0.003762765
HU,Buildings,CO2,HLR_Gas_Boiler,Emissions,SocietalCommitment_globalLimit,11.21317655,11.32581168,9.554413877,4.065195885,2.992503531,1.9042138
HU,Buildings,CO2,HLR_Hardcoal,Emissions,SocietalCommitment_globalLimit,0.404333013,0.051622236,0.020021295,0.012021617,0.006010808,
HU,Buildings,CO2,HLR_Oil_Boiler,Emissions,SocietalCommitment_globalLimit,0.323347859,0.020638107,0.015999821,0.009608957,0.004804479,
HU,Transportation,CO2,FRT_Rail_Conv,Emissions,SocietalCommitment_globalLimit,0.579203037,0.47909785,,,,
HU,Transportation,CO2,FRT_Road_ICE,Emissions,SocietalCommitment_globalLimit,30.33661082,29.58522209,21.31161826,12.61332672,,
HU,Transportation,CO2,FRT_Road_PHEV,Emissions,SocietalCommitment_globalLimit,,,1.277527758,1.26664832,1.06740355,
HU,Transportation,CO2,FRT_Ship_Conv,Emissions,SocietalCommitment_globalLimit,0.394903958,0.435165466,0.382213003,0.044078004,,
HU,Transportation,CO2,PSNG_Air_Conv,Emissions,SocietalCommitment_globalLimit,0.312693848,0.298784756,0.262402894,0.241888735,0.223524722,
HU,Transportation,CO2,PSNG_Rail_Conv,Emissions,SocietalCommitment_globalLimit,0.140177143,0.092110698,,,,
HU,Transportation,CO2,PSNG_Road_ICE,Emissions,SocietalCommitment_globalLimit,7.643650872,6.426479402,3.998855911,2.215296506,,
HU,Transportation,CO2,PSNG_Road_PHEV,Emissions,SocietalCommitment_globalLimit,,0.031133826,0.09809092,0.093048477,0.089526999,
IE,Power,CO2,P_Coal_Hardcoal,Emissions,SocietalCommitment_globalLimit,3.762416064,3.128530749,1.801156626,,,
IE,Power,CO2,P_Gas,Emissions,SocietalCommitment_globalLimit,5.286720848,4.343922297,2.063014129,2.098394856,1.660880943,
IE,Power,CO2,P_Oil,Emissions,SocietalCommitment_globalLimit,0.248498574,0.211223788,,,,
IE,Industry,CO2,HLI_Gas_Boiler,Emissions,SocietalCommitment_globalLimit,0.894519315,1.014189734,1.003606515,0.619514762,0.302946818,0.017551986
IE,Industry,CO2,HLI_Hardcoal,Emissions,SocietalCommitment_globalLimit,0.050286599,0.023269784,0.004021938,0.001215421,,
IE,Industry,CO2,HLI_Oil_Boiler,Emissions,SocietalCommitment_globalLimit,0.229194066,0.07312477,0.011151938,0.006813899,,
IE,Industry,CO2,HMI_Gas,Emissions,SocietalCommitment_globalLimit,3.245721609,2.911809784,2.533516869,1.494793004,1.063023563,0.001398957
IE,Industry,CO2,HMI_HardCoal,Emissions,SocietalCommitment_globalLimit,0.097311859,0.009953256,,,,
IE,Industry,CO2,HMI_Oil,Emissions,SocietalCommitment_globalLimit,1.196415287,0.076315409,,,,
IE,Industry,CO2,HHI_BF_BOF,Emissions,SocietalCommitment_globalLimit,3.648038792,1.149713107,0.756815645,0.482510265,0.154058588,
IE,Industry,CO2,HHI_DRI_EAF,Emissions,SocietalCommitment_globalLimit,0.085808069,0.052877474,,,,0.001111726
IE,Buildings,CO2,HLR_Gas_Boiler,Emissions,SocietalCommitment_globalLimit,4.205784955,5.924475045,4.229638804,1.373255591,0.928863064,
IE,Buildings,CO2,HLR_Hardcoal,Emissions,SocietalCommitment_globalLimit,1.60774592,0.205118834,0.07948852,0.047710791,,
IE,Buildings,CO2,HLR_Oil_Boiler,Emissions,SocietalCommitment_globalLimit,3.488528094,0.17390079,0.062215709,0.103462484,0.051731242,
IE,Transportation,CO2,FRT_Rail_Conv,Emissions,SocietalCommitment_globalLimit,0.123104709,0.100222798,,,,
IE,Transportation,CO2,FRT_Road_ICE,Emissions,SocietalCommitment_globalLimit,11.16184119,10.90434453,7.854909028,4.648944662,,
IE,Transportation,CO2,FRT_Road_PHEV,Emissions,SocietalCommitment_globalLimit,,,0.470863554,0.466853676,0.393417228,
IE,Transportation,CO2,FRT_Ship_Conv,Emissions,SocietalCommitment_globalLimit,0.132894705,0.140858278,0.10523773,0.014419081,,
IE,Transportation,CO2,PSNG_Air_Conv,Emissions,SocietalCommitment_globalLimit,0.314881822,0.300875406,0.237279285,0.218631648,0.179084617,
IE,Transportation,CO2,PSNG_Rail_Conv,Emissions,SocietalCommitment_globalLimit,0.102660354,0.07420417,,,,
IE,Transportation,CO2,PSNG_Road_ICE,Emissions,SocietalCommitment_globalLimit,6.157707872,5.239910707,3.260517399,1.806269833,,
IE,Transportation,CO2,PSNG_Road_PHEV,Emissions,SocietalCommitment_globalLimit,,0.025385356,0.079979664,0.075868245,0.072996963,
IT,Power,CO2,P_Coal_Hardcoal,Emissions,SocietalCommitment_globalLimit,26.15561344,21.74896118,12.52130431,,,
IT,Power,CO2,P_Gas,Emissions,SocietalCommitment_globalLimit,31.11743967,25.56816293,31.42519135,44.59206104,33.30765414,
IT,Power,CO2,P_Oil,Emissions,SocietalCommitment_globalLimit,6.110349726,5.193797267,,,,
IT,Industry,CO2,HLI_Gas_Boiler,Emissions,SocietalCommitment_globalLimit,12.04887665,11.09250472,10.69746969,10.26576874,7.481319333,0.353425736
IT,Industry,CO2,HLI_Hardcoal,Emissions,SocietalCommitment_globalLimit,0.000664883,,,,,
IT,Industry,CO2,HLI_Oil_Boiler,Emissions,SocietalCommitment_globalLimit,0.974703687,0.373026977,0.014458761,0.028917523,0.014458761,
IT,Industry,CO2,HMI_Gas,Emissions,SocietalCommitment_globalLimit,57.46558809,56.52732472,47.61776766,41.27520415,21.33794267,2.29422798
IT,Industry,CO2,HMI_HardCoal,Emissions,SocietalCommitment_globalLimit,0.036854278,0.011408685,,,,
IT,Industry,CO2,HMI_Oil,Emissions,SocietalCommitment_globalLimit,9.338931914,4.764941974,,,,
IT,Industry,CO2,HHI_BF_BOF,Emissions,SocietalCommitment_globalLimit,32.09043077,31.93729888,16.21170568,5.911356118,2.849703027,0.422220569
IT,Industry,CO2,HHI_DRI_EAF,Emissions,SocietalCommitment_globalLimit,1.900789809,0.035930762,0.096008903,0.252809008,0.090825035,
IT,Buildings,CO2,HLR_Gas_Boiler,Emissions,SocietalCommitment_globalLimit,76.62246866,58.33760498,49.17303706,37.00739618,18.04080692,11.1111421
IT,Buildings,CO2,HLR_Oil_Boiler,Emissions,SocietalCommitment_globalLimit,8.486311812,0.209727581,0.419455162,0.251676119,0.12583806,
IT,Transportation,CO2,FRT_Rail_Conv,Emissions,SocietalCommitment_globalLimit,3.571213147,2.932700948,,,,
IT,Transportation,CO2,FRT_Road_ICE,Emissions,SocietalCommitment_globalLimit,265.3581106,259.3514776,186.8229912,110.5715858,,
IT,Transportation,CO2,FRT_Road_PHEV,Emissions,SocietalCommitment_globalLimit,,,11.19912877,11.10375689,9.357127255,
IT,Transportation,CO2,FRT_Ship_Conv,Emissions,SocietalCommitment_globalLimit,0.51402888,0.734415416,0.542737777,0.100249498,,
IT,Transportation,CO2,PSNG_Air_Conv,Emissions,SocietalCommitment_globalLimit,3.517706699,3.361233823,2.951949406,2.372765251,2.193372308,
IT,Transportation,CO2,PSNG_Rail_Conv,Emissions,SocietalCommitment_globalLimit,1.003512642,0.763527696,,,,
IT,Transportation,CO2,PSNG_Road_ICE,Emissions,SocietalCommitment_globalLimit,90.03517477,76.67742382,47.71227765,26.43177056,,
IT,Transportation,CO2,PSNG_Road_PHEV,Emissions,SocietalCommitment_globalLimit,,0.371472689,1.17037005,1.110206235,1.068189787,
LT,Power,CO2,P_Gas,Emissions,SocietalCommitment_globalLimit,0.560195255,0.460293768,0.132262918,,,
LT,Power,CO2,P_Oil,Emissions,SocietalCommitment_globalLimit,0.134872,0.1146412,,,,
LT,Industry,CO2,HLI_Gas_Boiler,Emissions,SocietalCommitment_globalLimit,0.427061671,0.435736554,0.401891469,0.348113481,0.140371782,0.048387546
LT,Industry,CO2,HLI_Hardcoal,Emissions,SocietalCommitment_globalLimit,0.00545746,0.00229825,0.000243084,,,
LT,Industry,CO2,HLI_Oil_Boiler,Emissions,SocietalCommitment_globalLimit,0.046838355,0.023931743,0.002326697,0.001405083,,
LT,Industry,CO2,HMI_Gas,Emissions,SocietalCommitment_globalLimit,4.063163198,3.961027678,3.558850167,2.647777093,1.76319627,0.104967501
LT,Industry,CO2,HMI_HardCoal,Emissions,SocietalCommitment_globalLimit,0.021118744,0.011878178,,,,
LT,Industry,CO2,HMI_Oil,Emissions,SocietalCommitment_globalLimit,0.129599975,0.049756871,,,,
LT,Industry,CO2,HHI_DRI_EAF,Emissions,SocietalCommitment_globalLimit,0.044095768,0.0129871,0.002326242,0.001417673,0.000647554,7.09201E-05
LT,Buildings,CO2,HLR_Gas_Boiler,Emissions,SocietalCommitment_globalLimit,2.52026441,2.440463939,2.027909142,0.861984927,0.561543462,0.150104073
LT,Buildings,CO2,HLR_Hardcoal,Emissions,SocietalCommitment_globalLimit,0.320041069,0.063343239,0.012662475,0.007437524,0.003800952,
LT,Buildings,CO2,HLR_Oil_Boiler,Emissions,SocietalCommitment_globalLimit,0.1243168,0.007947031,0.006164237,0.000929168,0.001858336,
LT,Transportation,CO2,FRT_Rail_Conv,Emissions,SocietalCommitment_globalLimit,0.716777347,0.754983007,,,,
LT,Transportation,CO2,FRT_Road_ICE,Emissions,SocietalCommitment_globalLimit,13.07722323,12.54037188,9.7235242,5.346446521,,
LT,Transportation,CO2,FRT_Road_PHEV,Emissions,SocietalCommitment_globalLimit,,,,0.536897811,0.452443366,
LT,Transportation,CO2,FRT_Ship_Conv,Emissions,SocietalCommitment_globalLimit,0.193444903,0.319743011,0.236292168,0.025186537,,
LT,Transportation,CO2,PSNG_Air_Conv,Emissions,SocietalCommitment_globalLimit,0.070379417,0.06862126,0.060257754,0.044348581,0.03855905,
LT,Transportation,CO2,PSNG_Rail_Conv,Emissions,SocietalCommitment_globalLimit,0.017209256,0.01309375,,,,
LT,Transportation,CO2,PSNG_Road_ICE,Emissions,SocietalCommitment_globalLimit,3.845579958,3.278589972,2.040091949,1.130175397,,
LT,Transportation,CO2,PSNG_Road_PHEV,Emissions,SocietalCommitment_globalLimit,,0.01588351,0.050042937,0.04747044,0.045673891,
LU,Power,CO2,P_Gas,Emissions,SocietalCommitment_globalLimit,0.233159338,0.191579256,0.30289044,1.04973887,0.129749774,
LU,Industry,CO2,HLI_Gas_Boiler,Emissions,SocietalCommitment_globalLimit,0.048968949,0.05758145,0.057870671,0.056122203,0.054237066,0.006699159
LU,Industry,CO2,HLI_Hardcoal,Emissions,SocietalCommitment_globalLimit,0.005067642,0.002121462,0.000318836,,,
LU,Industry,CO2,HLI_Oil_Boiler,Emissions,SocietalCommitment_globalLimit,0.001731142,,,,,
LU,Industry,CO2,HMI_Gas,Emissions,SocietalCommitment_globalLimit,0.783564854,0.808426495,0.762375025,0.687694147,0.557709575,
LU,Industry,CO2,HMI_Oil,Emissions,SocietalCommitment_globalLimit,0.121058331,0.038771588,,,,
LU,Industry,CO2,HHI_BF_BOF,Emissions,SocietalCommitment_globalLimit,1.515412756,1.073887962,0.49774936,0.33416222,0.181211219,
LU,Industry,CO2,HHI_DRI_EAF,Emissions,SocietalCommitment_globalLimit,0.118054252,0.049563776,0.033488195,0.01921408,0.008897318,0.000883967
LU,Buildings,CO2,HLR_Gas_Boiler,Emissions,SocietalCommitment_globalLimit,1.261327156,1.6241777,1.118120638,0.448711999,0.258320745,0.170399172
LU,Buildings,CO2,HLR_Hardcoal,Emissions,SocietalCommitment_globalLimit,0.0032164,,,,,
LU,Buildings,CO2,HLR_Oil_Boiler,Emissions,SocietalCommitment_globalLimit,0.703542024,0.044872018,0.034779591,0.020879841,0.010439921,0.004185033
LU,Transportation,CO2,FRT_Rail_Conv,Emissions,SocietalCommitment_globalLimit,0.029930062,0.024154969,,,,
LU,Transportation,CO2,FRT_Road_ICE,Emissions,SocietalCommitment_globalLimit,2.899072245,2.805926073,2.021239697,1.196275026,,
LU,Transportation,CO2,FRT_Road_PHEV,Emissions,SocietalCommitment_globalLimit,,,0.121163479,0.12013165,0.101234848,
LU,Transportation,CO2,FRT_Ship_Conv,Emissions,SocietalCommitment_globalLimit,0.109854927,0.11415477,0.109167441,0.003746426,,
LU,Transportation,CO2,PSNG_Air_Conv,Emissions,SocietalCommitment_globalLimit,0.025644867,0.024504145,0.02152037,0.016451335,0.01520961,
LU,Transportation,CO2,PSNG_Rail_Conv,Emissions,SocietalCommitment_globalLimit,0.009754442,0.007421717,,,,
LU,Transportation,CO2,PSNG_Road_ICE,Emissions,SocietalCommitment_globalLimit,0.885002058,0.758104427,0.471728015,0.261329102,,
LU,Transportation,CO2,PSNG_Road_PHEV,Emissions,SocietalCommitment_globalLimit,,0.003672725,0.011571368,0.010976533,0.010561119,
LV,Power,CO2,P_Gas,Emissions,SocietalCommitment_globalLimit,0.767726566,0.630815328,,,,
LV,Industry,CO2,HLI_Gas_Boiler,Emissions,SocietalCommitment_globalLimit,0.08354782,0.096266771,0.085566292,0.069617381,0.032387034,0.005194099
LV,Industry,CO2,HLI_Hardcoal,Emissions,SocietalCommitment_globalLimit,0.000816828,,,,,
LV,Industry,CO2,HLI_Oil_Boiler,Emissions,SocietalCommitment_globalLimit,0.013987796,0.007252043,0.000710096,0.000438144,0.000226626,
LV,Industry,CO2,HMI_Gas,Emissions,SocietalCommitment_globalLimit,1.32314622,1.448018916,1.49827615,1.362888736,0.92533916,0.031517077
LV,Industry,CO2,HMI_HardCoal,Emissions,SocietalCommitment_globalLimit,0.011127311,0.004694932,,,,
LV,Industry,CO2,HMI_Oil,Emissions,SocietalCommitment_globalLimit,0.32011737,0.163529941,,,,
LV,Industry,CO2,HHI_DRI_EAF,Emissions,SocietalCommitment_globalLimit,0.040990467,0.020147864,0.014433017,0.007429656,0.000755855,0.000235173
LV,Buildings,CO2,HLR_Gas_Boiler,Emissions,SocietalCommitment_globalLimit,2.508958003,2.511329133,1.970480805,0.875457168,0.528990431,0.160355267
LV,Buildings,CO2,HLR_Hardcoal,Emissions,SocietalCommitment_globalLimit,0.096675012,0.014850232,0.003845149,0.002320349,0.001171224,
LV,Buildings,CO2,HLR_Oil_Boiler,Emissions,SocietalCommitment_globalLimit,0.293268988,0.018719337,0.014519195,0.00871756,0.004366334,
LV,Transportation,CO2,FRT_Rail_Conv,Emissions,SocietalCommitment_globalLimit,0.84308055,0.888018422,,,,
LV,Transportation,CO2,FRT_Road_ICE,Emissions,SocietalCommitment_globalLimit,15.3815583,14.75010847,11.43690459,6.288542866,,
LV,Transportation,CO2,FRT_Road_PHEV,Emissions,SocietalCommitment_globalLimit,,,,0.631504474,0.532168327,
LV,Transportation,CO2,FRT_Ship_Conv,Emissions,SocietalCommitment_globalLimit,0.227531794,0.376084867,0.277929167,0.029624652,,
LV,Transportation,CO2,PSNG_Air_Conv,Emissions,SocietalCommitment_globalLimit,0.033211594,0.032381931,0.028435247,0.02092781,0.018195767,
LV,Transportation,CO2,PSNG_Rail_Conv,Emissions,SocietalCommitment_globalLimit,0.008120937,0.006178856,,,,
LV,Transportation,CO2,PSNG_Road_ICE,Emissions,SocietalCommitment_globalLimit,1.814704441,1.547145514,0.962706266,0.533322499,,
LV,Transportation,CO2,PSNG_Road_PHEV,Emissions,SocietalCommitment_globalLimit,,0.007495326,0.02361494,0.022400995,0.021553215,
NL,Power,CO2,P_Coal_Hardcoal,Emissions,SocietalCommitment_globalLimit,23.83859456,19.82230961,11.41209314,2.23486824,,
NL,Power,CO2,P_Gas,Emissions,SocietalCommitment_globalLimit,14.30650593,11.75517904,8.60597164,20.08086573,6.786024018,
NL,Power,CO2,P_Oil,Emissions,SocietalCommitment_globalLimit,0.059411579,0.050499842,,,,
NL,Industry,CO2,HLI_Gas_Boiler,Emissions,SocietalCommitment_globalLimit,5.972154843,6.381385878,6.429502835,6.14075526,3.634524921,0.847440752
NL,Industry,CO2,HLI_Hardcoal,Emissions,SocietalCommitment_globalLimit,0.08069245,0.024794584,0.006408582,0.003845149,,
NL,Industry,CO2,HLI_Oil_Boiler,Emissions,SocietalCommitment_globalLimit,0.898439046,0.401143753,0.019986376,0.039972753,,
NL,Industry,CO2,HMI_Gas,Emissions,SocietalCommitment_globalLimit,44.81689524,46.72359864,43.24913392,37.00547324,19.72255079,4.875425667
NL,Industry,CO2,HMI_HardCoal,Emissions,SocietalCommitment_globalLimit,0.173504974,0.062113952,0.006878076,,,
NL,Industry,CO2,HMI_Oil,Emissions,SocietalCommitment_globalLimit,0.099044301,0.037996156,,,,
NL,Industry,CO2,HHI_BF_BOF,Emissions,SocietalCommitment_globalLimit,18.13860757,18.06177642,14.995685,3.815105598,1.704979091,0.016073184
NL,Industry,CO2,HHI_DRI_EAF,Emissions,SocietalCommitment_globalLimit,0.841997264,0.124431116,0.475478486,0.137292715,0.126759336,
NL,Buildings,CO2,HLR_Gas_Boiler,Emissions,SocietalCommitment_globalLimit,33.74568604,30.13813457,23.25933731,9.71891149,4.564070692,2.04777049
NL,Buildings,CO2,HLR_Hardcoal,Emissions,SocietalCommitment_globalLimit,0.006947424,0.002629729,9.94435E-05,0.000198887,,
NL,Buildings,CO2,HLR_Oil_Boiler,Emissions,SocietalCommitment_globalLimit,0.603371106,0.00447587,0.008951741,0.017903482,0.008959295,
NL,Transportation,CO2,FRT_Rail_Conv,Emissions,SocietalCommitment_globalLimit,0.584811017,0.49681055,,,,
NL,Transportation,CO2,FRT_Road_ICE,Emissions,SocietalCommitment_globalLimit,71.13044932,67.5668798,48.67158154,28.80637935,,
NL,Transportation,CO2,FRT_Road_PHEV,Emissions,SocietalCommitment_globalLimit,,,2.917624354,2.892777839,2.437741625,
NL,Transportation,CO2,FRT_Ship_Conv,Emissions,SocietalCommitment_globalLimit,8.207141276,8.562637163,8.221130796,0.48651533,,
NL,Transportation,CO2,PSNG_Rail_Conv,Emissions,SocietalCommitment_globalLimit,0.310542295,0.22553779,,,,
NL,Transportation,CO2,PSNG_Road_ICE,Emissions,SocietalCommitment_globalLimit,17.73027525,15.09978554,9.395792451,5.205105321,,
NL,Transportation,CO2,PSNG_Road_PHEV,Emissions,SocietalCommitment_globalLimit,,0.073152666,0.230476402,0.218628577,0.210354442,
NO,Power,CO2,P_Gas,Emissions,SocietalCommitment_globalLimit,0.75514469,0.62047722,,,,
NO,Industry,CO2,HLI_Gas_Boiler,Emissions,SocietalCommitment_globalLimit,0.9897802,1.109977775,1.091064164,0.922754424,0.349878933,0.03056469
NO,Industry,CO2,HLI_Oil_Boiler,Emissions,SocietalCommitment_globalLimit,0.391318561,0.174819569,0.013136714,0.011828897,,
NO,Industry,CO2,HMI_Gas,Emissions,SocietalCommitment_globalLimit,1.004722555,1.265831541,1.279104642,1.141624623,0.789702603,0.017992437
NO,Industry,CO2,HMI_HardCoal,Emissions,SocietalCommitment_globalLimit,0.552400084,0.17239933,0.021854909,,,
NO,Industry,CO2,HMI_Oil,Emissions,SocietalCommitment_globalLimit,0.184018841,0.04704286,,,,
NO,Industry,CO2,HHI_BF_BOF,Emissions,SocietalCommitment_globalLimit,32.63002578,29.09598074,23.52844534,5.315835779,2.699184321,0.413813216
NO,Industry,CO2,HHI_DRI_EAF,Emissions,SocietalCommitment_globalLimit,0.096484503,0.150198558,,,0.008102194,0.006328286
NO,Buildings,CO2,HLR_Gas_Boiler,Emissions,SocietalCommitment_globalLimit,6.623938933,5.772280803,2.787026574,1.932302586,1.236112564,0.354403804
NO,Buildings,CO2,HLR_Oil_Boiler,Emissions,SocietalCommitment_globalLimit,0.697126118,0.04446409,0.002587318,0.005174635,0.01034927,
NO,Transportation,CO2,FRT_Rail_Conv,Emissions,SocietalCommitment_globalLimit,0.359639629,0.355106357,,,,
NO,Transportation,CO2,FRT_Road_ICE,Emissions,SocietalCommitment_globalLimit,26.63280216,25.97315077,18.70967446,11.07336074,,
NO,Transportation,CO2,FRT_Road_PHEV,Emissions,SocietalCommitment_globalLimit,,,1.121553896,1.112002732,0.937083834,
NO,Transportation,CO2,PSNG_Air_Conv,Emissions,SocietalCommitment_globalLimit,0.575602771,0.552103684,0.454062877,0.081153266,0.07655689,
NO,Transportation,CO2,PSNG_Rail_Conv,Emissions,SocietalCommitment_globalLimit,0.064743644,0.049260531,,,,
NO,Transportation,CO2,PSNG_Road_ICE,Emissions,SocietalCommitment_globalLimit,7.157661248,6.092094805,3.790786183,2.100029501,,
NO,Transportation,CO2,PSNG_Road_PHEV,Emissions,SocietalCommitment_globalLimit,,0.029513861,0.092987022,0.088206949,0.084868702,
PL,Power,CO2,P_Coal_Hardcoal,Emissions,SocietalCommitment_globalLimit,59.97479558,49.87034633,28.71133831,5.622637086,,
PL,Power,CO2,P_Coal_Lignite,Emissions,SocietalCommitment_globalLimit,46.64598429,37.0058142,21.29490587,4.168364553,,
PL,Power,CO2,P_Gas,Emissions,SocietalCommitment_globalLimit,3.136160234,2.576878326,13.13156439,20.96372304,17.42610171,
PL,Power,CO2,P_Oil,Emissions,SocietalCommitment_globalLimit,1.459707774,1.240751608,0.078441333,,,
PL,Industry,CO2,HLI_Gas_Boiler,Emissions,SocietalCommitment_globalLimit,5.465648677,6.014381346,7.116335998,7.010501618,6.734115155,0.400460043
PL,Industry,CO2,HLI_Hardcoal,Emissions,SocietalCommitment_globalLimit,2.863607424,2.493763703,0.222261695,0.058350051,0.033987585,
PL,Industry,CO2,HLI_Lignite,Emissions,SocietalCommitment_globalLimit,0.015399071,0.014150498,0.001274054,0.000106171,0.000212342,
PL,Industry,CO2,HLI_Oil_Boiler,Emissions,SocietalCommitment_globalLimit,0.37397214,0.119356546,0.018507819,0.00277995,0.0055599,
PL,Industry,CO2,HMI_Gas,Emissions,SocietalCommitment_globalLimit,16.96741907,19.03515287,29.45743505,22.53437351,10.1163254,
PL,Industry,CO2,HMI_HardCoal,Emissions,SocietalCommitment_globalLimit,30.01431135,26.57175498,0.078356568,,,
PL,Industry,CO2,HMI_Oil,Emissions,SocietalCommitment_globalLimit,1.483565011,,,,,
PL,Industry,CO2,HHI_BF_BOF,Emissions,SocietalCommitment_globalLimit,21.1417471,21.85204656,14.97588174,9.790702331,2.66346621,0.296826273
PL,Industry,CO2,HHI_DRI_EAF,Emissions,SocietalCommitment_globalLimit,0.691758781,0.04950041,0.405907068,0.180234752,0.066708098,
PL,Buildings,CO2,HLR_Gas_Boiler,Emissions,SocietalCommitment_globalLimit,32.80427854,36.39039451,28.81149191,13.80364315,5.213575121,1.068861205
PL,Buildings,CO2,HLR_Hardcoal,Emissions,SocietalCommitment_globalLimit,29.45373442,20.12347224,0.047743975,0.030442604,0.060885207,
PL,Buildings,CO2,HLR_Oil_Boiler,Emissions,SocietalCommitment_globalLimit,2.8956432,0.275728493,0.010738312,0.021476624,0.042953248,
PL,Transportation,CO2,FRT_Rail_Conv,Emissions,SocietalCommitment_globalLimit,2.823280984,2.323491473,,,,
PL,Transportation,CO2,FRT_Road_ICE,Emissions,SocietalCommitment_globalLimit,194.3304159,189.8899563,136.7866108,80.95744736,,
PL,Transportation,CO2,FRT_Road_PHEV,Emissions,SocietalCommitment_globalLimit,,,8.199691369,8.129862722,6.851028964,
PL,Transportation,CO2,FRT_Ship_Conv,Emissions,SocietalCommitment_globalLimit,0.38097557,0.544316365,0.40225334,0.074300514,,
PL,Transportation,CO2,PSNG_Air_Conv,Emissions,SocietalCommitment_globalLimit,0.548934203,0.524516785,0.460648409,0.335591418,0.292148841,
PL,Transportation,CO2,PSNG_Rail_Conv,Emissions,SocietalCommitment_globalLimit,0.357936062,0.272337473,0.04216011,,,
PL,Transportation,CO2,PSNG_Road_ICE,Emissions,SocietalCommitment_globalLimit,28.41550482,24.2043482,15.06107696,8.34357424,,
PL,Transportation,CO2,PSNG_Road_PHEV,Emissions,SocietalCommitment_globalLimit,,0.117260777,0.369444392,0.350452805,0.3371897,
PT,Power,CO2,P_Coal_Hardcoal,Emissions,SocietalCommitment_globalLimit,8.91631488,7.414109656,4.268448613,0.83590452,,
PT,Power,CO2,P_Gas,Emissions,SocietalCommitment_globalLimit,3.125403435,2.568039822,,,,
PT,Power,CO2,P_Oil,Emissions,SocietalCommitment_globalLimit,0.659422232,0.560508897,,,,
PT,Industry,CO2,HLI_Gas_Boiler,Emissions,SocietalCommitment_globalLimit,2.764670459,2.176408999,2.040993735,0.951434493,0.670172262,0.06335478
PT,Industry,CO2,HLI_Oil_Boiler,Emissions,SocietalCommitment_globalLimit,0.620551583,0.153931451,0.002304035,0.004608069,0.009216138,
PT,Industry,CO2,HMI_Gas,Emissions,SocietalCommitment_globalLimit,10.71958206,10.83471991,6.284438317,2.768788111,1.727310304,
PT,Industry,CO2,HMI_HardCoal,Emissions,SocietalCommitment_globalLimit,0.264605438,0.081128428,,,,
PT,Industry,CO2,HMI_Oil,Emissions,SocietalCommitment_globalLimit,1.064366941,0.203680074,,,,
PT,Industry,CO2,HHI_BF_BOF,Emissions,SocietalCommitment_globalLimit,0.8931382,0.483108613,0.38501289,0.220973598,0.102053182,7.32538E-05
PT,Industry,CO2,HHI_DRI_EAF,Emissions,SocietalCommitment_globalLimit,0.249424464,0.15028735,,0.021040974,0.013570103,0.003420695
PT,Buildings,CO2,HLR_Gas_Boiler,Emissions,SocietalCommitment_globalLimit,2.063682205,2.105721553,1.822983111,1.183628425,0.481643169,0.032472504
PT,Buildings,CO2,HLR_Oil_Boiler,Emissions,SocietalCommitment_globalLimit,1.723740047,0.103195061,0.025563453,0.051126905,0.025563453,
PT,Transportation,CO2,FRT_Rail_Conv,Emissions,SocietalCommitment_globalLimit,0.16985154,0.1339862,,,,
PT,Transportation,CO2,FRT_Road_ICE,Emissions,SocietalCommitment_globalLimit,29.62019033,28.99547947,20.88679909,12.36189659,,
PT,Transportation,CO2,FRT_Road_PHEV,Emissions,SocietalCommitment_globalLimit,,,1.252061917,1.241399347,1.04612626,
PT,Transportation,CO2,FRT_Ship_Conv,Emissions,SocietalCommitment_globalLimit,0.052388318,0.061697369,0.055314245,0.013133369,,
PT,Transportation,CO2,PSNG_Air_Conv,Emissions,SocietalCommitment_globalLimit,0.438823579,0.419304048,0.368247019,0.295995496,0.273616754,
PT,Transportation,CO2,PSNG_Rail_Conv,Emissions,SocietalCommitment_globalLimit,0.125185255,0.095247838,,,,
PT,Transportation,CO2,PSNG_Road_ICE,Emissions,SocietalCommitment_globalLimit,11.23162363,9.565283425,5.951966508,3.297285748,,
PT,Transportation,CO2,PSNG_Road_PHEV,Emissions,SocietalCommitment_globalLimit,,0.046340127,0.146000226,0.138494967,0.133253539,
RO,Power,CO2,P_Coal_Hardcoal,Emissions,SocietalCommitment_globalLimit,1.1987712,0.996804313,0.57387983,0.1123848,,
RO,Power,CO2,P_Coal_Lignite,Emissions,SocietalCommitment_globalLimit,12.415728,9.84981088,5.668049739,1.109490587,,
RO,Power,CO2,P_Gas,Emissions,SocietalCommitment_globalLimit,2.614615945,2.148342768,0.229857205,1.114889681,0.2324648,
RO,Power,CO2,P_Oil,Emissions,SocietalCommitment_globalLimit,0.120520632,0.102442537,,,,
RO,Industry,CO2,HLI_Gas_Boiler,Emissions,SocietalCommitment_globalLimit,1.349959821,1.502492844,1.584811425,1.525101687,1.111289748,0.067675993
RO,Industry,CO2,HLI_Hardcoal,Emissions,SocietalCommitment_globalLimit,0.014813107,0.005414147,0.001237519,0.000751351,,
RO,Industry,CO2,HLI_Lignite,Emissions,SocietalCommitment_globalLimit,0.000878997,,,,,
RO,Industry,CO2,HLI_Oil_Boiler,Emissions,SocietalCommitment_globalLimit,0.330358279,0.189686257,0.004703599,0.006045249,0.004336378,
RO,Industry,CO2,HMI_Gas,Emissions,SocietalCommitment_globalLimit,14.89030426,16.56112355,13.541899,12.07565392,10.65246877,1.191740394
RO,Industry,CO2,HMI_HardCoal,Emissions,SocietalCommitment_globalLimit,2.705683771,0.27610896,,,,
RO,Industry,CO2,HMI_Oil,Emissions,SocietalCommitment_globalLimit,1.279805117,0.081635732,,,,
RO,Industry,CO2,HHI_BF_BOF,Emissions,SocietalCommitment_globalLimit,12.23793111,11.45776904,6.237197694,2.557933352,0.713400454,0.018674857
RO,Industry,CO2,HHI_DRI_EAF,Emissions,SocietalCommitment_globalLimit,0.619170327,0.726528713,0.01776729,0.178728521,0.080365775,
RO,Buildings,CO2,HLR_Gas_Boiler,Emissions,SocietalCommitment_globalLimit,11.42350227,11.36316409,10.14517431,9.044488403,7.302857766,5.027219879
RO,Buildings,CO2,HLR_Hardcoal,Emissions,SocietalCommitment_globalLimit,0.340156373,0.021700786,,,,
RO,Buildings,CO2,HLR_Oil_Boiler,Emissions,SocietalCommitment_globalLimit,0.898433788,0.05730625,,,,
RO,Transportation,CO2,FRT_Rail_Conv,Emissions,SocietalCommitment_globalLimit,0.849677754,0.70282571,,,,
RO,Transportation,CO2,FRT_Road_ICE,Emissions,SocietalCommitment_globalLimit,44.50312189,43.40085162,31.26366194,18.503465,,
RO,Transportation,CO2,FRT_Road_PHEV,Emissions,SocietalCommitment_globalLimit,,,1.874104326,1.858144436,1.565856865,
RO,Transportation,CO2,FRT_Ship_Conv,Emissions,SocietalCommitment_globalLimit,0.579315175,0.591288163,0.56069783,0.064661435,,
RO,Transportation,CO2,PSNG_Air_Conv,Emissions,SocietalCommitment_globalLimit,0.427772362,0.408744405,0.358973183,0.330909342,0.305786951,
RO,Transportation,CO2,PSNG_Rail_Conv,Emissions,SocietalCommitment_globalLimit,0.191765549,0.126009549,,,,
RO,Transportation,CO2,PSNG_Road_ICE,Emissions,SocietalCommitment_globalLimit,10.45668985,8.791571343,5.470526681,3.030576472,,
RO,Transportation,CO2,PSNG_Road_PHEV,Emissions,SocietalCommitment_globalLimit,,0.042591789,0.13419063,0.127292452,0.12247499,
SE,Power,CO2,P_Coal_Hardcoal,Emissions,SocietalCommitment_globalLimit,0.23430528,0.194829934,0.112167421,0.02196612,,
SE,Power,CO2,P_Gas,Emissions,SocietalCommitment_globalLimit,0.361856607,0.297325512,,,,
SE,Industry,CO2,HLI_Gas_Boiler,Emissions,SocietalCommitment_globalLimit,7.919467271,7.166865569,6.266127959,5.15957981,3.011367297,0.827005937
SE,Industry,CO2,HLI_Hardcoal,Emissions,SocietalCommitment_globalLimit,0.031185488,0.011137674,0.000375676,0.000751351,0.000375676,
SE,Industry,CO2,HLI_Oil_Boiler,Emissions,SocietalCommitment_globalLimit,0.755648365,0.192843918,0.00280639,0.005612779,0.011225559,
SE,Industry,CO2,HMI_Gas,Emissions,SocietalCommitment_globalLimit,12.22381596,12.97189594,12.3906374,7.446610201,6.610298025,0.121294134
SE,Industry,CO2,HMI_Oil,Emissions,SocietalCommitment_globalLimit,3.54266893,1.129760987,,,,
SE,Industry,CO2,HHI_BF_BOF,Emissions,SocietalCommitment_globalLimit,13.21042045,11.8430757,7.31287713,2.558647187,1.173792304,0.043235321
SE,Industry,CO2,HHI_DRI_EAF,Emissions,SocietalCommitment_globalLimit,0.08138983,0.063348729,,,0.006850635,0.002672418
SE,Buildings,CO2,HLR_Gas_Boiler,Emissions,SocietalCommitment_globalLimit,17.44332754,14.12180214,8.226151334,4.43723067,2.730020357,0.411207548
SE,Buildings,CO2,HLR_Oil_Boiler,Emissions,SocietalCommitment_globalLimit,0.722927718,0.046110909,0.002681745,0.00536349,0.010726981,
SE,Transportation,CO2,FRT_Rail_Conv,Emissions,SocietalCommitment_globalLimit,1.416850105,1.173555915,,,,
SE,Transportation,CO2,FRT_Road_ICE,Emissions,SocietalCommitment_globalLimit,70.49912744,68.7529782,49.52598366,29.31205906,,
SE,Transportation,CO2,FRT_Road_PHEV,Emissions,SocietalCommitment_globalLimit,,,2.968841602,2.943558919,2.480534802,
SE,Transportation,CO2,FRT_Ship_Conv,Emissions,SocietalCommitment_globalLimit,0.764763096,0.864630085,0.726728117,0.099572197,,
SE,Transportation,CO2,PSNG_Air_Conv,Emissions,SocietalCommitment_globalLimit,1.015852212,0.970665581,0.790345912,0.670839752,0.567150567,
SE,Transportation,CO2,PSNG_Rail_Conv,Emissions,SocietalCommitment_globalLimit,0.165598235,0.125996259,,,,
SE,Transportation,CO2,PSNG_Road_ICE,Emissions,SocietalCommitment_globalLimit,14.35666322,12.21937591,7.603466927,4.212188208,,
SE,Transportation,CO2,PSNG_Road_PHEV,Emissions,SocietalCommitment_globalLimit,,0.059198186,0.186511112,0.176923358,0.170227583,
SI,Power,CO2,P_Coal_Lignite,Emissions,SocietalCommitment_globalLimit,2.791062857,2.2142432,1.27418087,0.249414128,,
SI,Power,CO2,P_Gas,Emissions,SocietalCommitment_globalLimit,0.112509517,0.09244532,0.012988721,0.012768638,0.012768638,
SI,Industry,CO2,HLI_Gas_Boiler,Emissions,SocietalCommitment_globalLimit,0.480276792,0.527875425,0.536689496,0.520984333,0.461301098,0.007168919
SI,Industry,CO2,HLI_Hardcoal,Emissions,SocietalCommitment_globalLimit,0.039371678,0.012065814,0.003137996,0.000950238,0.000486168,
SI,Industry,CO2,HLI_Lignite,Emissions,SocietalCommitment_globalLimit,0.014032722,0.012901924,0.00117968,9.43744E-05,0.000188749,
SI,Industry,CO2,HLI_Oil_Boiler,Emissions,SocietalCommitment_globalLimit,0.062113035,0.023841092,0.001580232,0.000822853,0.000936722,
SI,Industry,CO2,HMI_Gas,Emissions,SocietalCommitment_globalLimit,1.51195694,1.532324632,1.439733671,1.276886175,1.135004067,0.056552586
SI,Industry,CO2,HMI_Oil,Emissions,SocietalCommitment_globalLimit,0.122671395,0.07056429,,,,
SI,Industry,CO2,HHI_BF_BOF,Emissions,SocietalCommitment_globalLimit,1.975804182,1.8277237,0.900484998,0.326874322,0.108302889,0.002815301
SI,Industry,CO2,HHI_DRI_EAF,Emissions,SocietalCommitment_globalLimit,0.088102682,0.082185609,0.004493763,0.020545592,0.008790841,0.004446904
SI,Buildings,CO2,HLR_Gas_Boiler,Emissions,SocietalCommitment_globalLimit,1.692957417,2.005463151,0.815860851,0.626029533,0.44374821,
SI,Buildings,CO2,HLR_Oil_Boiler,Emissions,SocietalCommitment_globalLimit,0.656492047,0.04188055,0.032468002,0.019489866,0.009744933,
SI,Transportation,CO2,FRT_Rail_Conv,Emissions,SocietalCommitment_globalLimit,0.199610147,0.165111,,,,
SI,Transportation,CO2,FRT_Road_ICE,Emissions,SocietalCommitment_globalLimit,10.45487499,10.19592467,7.344601087,4.346917818,,
SI,Transportation,CO2,FRT_Road_PHEV,Emissions,SocietalCommitment_globalLimit,,,0.440273078,0.436523708,0.367858188,
SI,Transportation,CO2,FRT_Ship_Conv,Emissions,SocietalCommitment_globalLimit,0.136095345,0.138908094,0.131721674,0.015190557,,
SI,Transportation,CO2,PSNG_Air_Conv,Emissions,SocietalCommitment_globalLimit,0.16937124,0.161837352,0.130046628,0.108652659,0.090141243,
SI,Transportation,CO2,PSNG_Rail_Conv,Emissions,SocietalCommitment_globalLimit,0.046016501,0.033261294,,,,
SI,Transportation,CO2,PSNG_Road_ICE,Emissions,SocietalCommitment_globalLimit,2.727660235,2.320610162,1.443992128,0.799946481,,
SI,Transportation,CO2,PSNG_Road_PHEV,Emissions,SocietalCommitment_globalLimit,,0.011242466,0.03542076,0.033599927,0.032328317,
SK,Power,CO2,P_Coal_Hardcoal,Emissions,SocietalCommitment_globalLimit,0.578699733,0.481201409,,,,
SK,Power,CO2,P_Coal_Lignite,Emissions,SocietalCommitment_globalLimit,1.293030857,1.02580448,0.590296696,0.115547438,,
SK,Power,CO2,P_Gas,Emissions,SocietalCommitment_globalLimit,0.586658979,0.482038128,0.141392141,1.808451094,1.628052503,
SK,Power,CO2,P_Oil,Emissions,SocietalCommitment_globalLimit,0.199993263,0.169994274,,,,
SK,Industry,CO2,HLI_Gas_Boiler,Emissions,SocietalCommitment_globalLimit,1.092265647,1.004418805,1.059791225,1.109576955,1.117312821,0.111436893
SK,Industry,CO2,HLI_Hardcoal,Emissions,SocietalCommitment_globalLimit,0.001764359,,,,,
SK,Industry,CO2,HLI_Lignite,Emissions,SocietalCommitment_globalLimit,0.034127671,0.030798142,0.001368429,0.000825776,0.000424685,
SK,Industry,CO2,HLI_Oil_Boiler,Emissions,SocietalCommitment_globalLimit,0.020494682,0.009306789,0.001042481,0.000634554,0.000317277,
SK,Industry,CO2,HMI_Gas,Emissions,SocietalCommitment_globalLimit,5.978648544,6.204024119,5.899529036,4.819458667,1.952849014,0.294288692
SK,Industry,CO2,HMI_HardCoal,Emissions,SocietalCommitment_globalLimit,0.096897766,0.019812614,,,,
SK,Industry,CO2,HMI_Oil,Emissions,SocietalCommitment_globalLimit,0.011451402,0.008292812,,,,
SK,Industry,CO2,HHI_BF_BOF,Emissions,SocietalCommitment_globalLimit,16.76928016,15.99450641,12.67943151,4.098365569,1.794086475,0.281605085
SK,Industry,CO2,HHI_DRI_EAF,Emissions,SocietalCommitment_globalLimit,0.148974602,0.319487299,0.022863262,0.030999811,0.012515583,0.009748981
SK,Buildings,CO2,HLR_Gas_Boiler,Emissions,SocietalCommitment_globalLimit,8.779079258,8.528211383,7.927521613,7.326515698,6.894678578,5.919891171
SK,Buildings,CO2,HLR_Hardcoal,Emissions,SocietalCommitment_globalLimit,0.53551168,,,,,
SK,Buildings,CO2,HLR_Oil_Boiler,Emissions,SocietalCommitment_globalLimit,0.052500047,0.003369178,,,,
SK,Transportation,CO2,FRT_Rail_Conv,Emissions,SocietalCommitment_globalLimit,0.382801728,0.316641097,,,,
SK,Transportation,CO2,FRT_Road_ICE,Emissions,SocietalCommitment_globalLimit,20.04980346,19.55320229,14.08508551,8.336287901,,
SK,Transportation,CO2,FRT_Road_PHEV,Emissions,SocietalCommitment_globalLimit,,,0.844332303,0.837141961,0.705458877,
SK,Transportation,CO2,FRT_Ship_Conv,Emissions,SocietalCommitment_globalLimit,0.260996418,0.266390558,0.252608824,0.029131643,,
SK,Transportation,CO2,PSNG_Air_Conv,Emissions,SocietalCommitment_globalLimit,0.138104934,0.131961819,0.11589334,0.106833019,0.098722335,
SK,Transportation,CO2,PSNG_Rail_Conv,Emissions,SocietalCommitment_globalLimit,0.061910892,0.040681778,,,,
SK,Transportation,CO2,PSNG_Road_ICE,Emissions,SocietalCommitment_globalLimit,3.375908753,2.838330587,1.766141979,0.978411886,,
SK,Transportation,CO2,PSNG_Road_PHEV,Emissions,SocietalCommitment_globalLimit,,0.013750622,0.043323014,0.04109596,0.039540657,
TR,Power,CO2,P_Coal_Hardcoal,Emissions,SocietalCommitment_globalLimit,25.2892288,21.02854351,12.1065457,2.3708652,,
TR,Power,CO2,P_Coal_Lignite,Emissions,SocietalCommitment_globalLimit,22.44901029,17.80954816,10.24846122,2.00608177,,
TR,Power,CO2,P_Gas,Emissions,SocietalCommitment_globalLimit,28.19333743,23.16552559,5.106166315,9.726027754,,
TR,Power,CO2,P_Oil,Emissions,SocietalCommitment_globalLimit,1.241069305,1.054908909,,,,
TR,Industry,CO2,HLI_Gas_Boiler,Emissions,SocietalCommitment_globalLimit,11.43526045,12.47127147,13.85084481,11.55238596,6.158733976,
TR,Industry,CO2,HLI_Hardcoal,Emissions,SocietalCommitment_globalLimit,1.462599381,0.373134186,0.104054123,0.069433676,,
TR,Industry,CO2,HLI_Lignite,Emissions,SocietalCommitment_globalLimit,3.752795185,3.377807,0.296807488,0.121314858,,
TR,Industry,CO2,HLI_Oil_Boiler,Emissions,SocietalCommitment_globalLimit,0.596831347,0.342659046,0.029506751,0.035414145,0.008853536,
TR,Industry,CO2,HMI_Gas,Emissions,SocietalCommitment_globalLimit,33.61757849,38.86635513,31.37372869,26.62882948,19.91117598,3.333754818
TR,Industry,CO2,HMI_HardCoal,Emissions,SocietalCommitment_globalLimit,16.2593623,6.636568306,,,,
TR,Industry,CO2,HMI_Oil,Emissions,SocietalCommitment_globalLimit,2.56469317,0.654378242,,,,
TR,Industry,CO2,HHI_BF_BOF,Emissions,SocietalCommitment_globalLimit,50.76298075,50.20752183,18.36084241,10.57420913,3.522937698,0.961520446
TR,Industry,CO2,HHI_DRI_EAF,Emissions,SocietalCommitment_globalLimit,0.734076233,,,0.179255384,0.061545931,
TR,Buildings,CO2,HLR_Gas_Boiler,Emissions,SocietalCommitment_globalLimit,35.76137982,24.35424457,16.82758137,9.86800173,4.983502544,1.640408092
TR,Buildings,CO2,HLR_Hardcoal,Emissions,SocietalCommitment_globalLimit,24.25604544,11.82159108,0.359676163,0.719352325,,
TR,Buildings,CO2,HLR_Oil_Boiler,Emissions,SocietalCommitment_globalLimit,2.780777788,,,,,
TR,Transportation,CO2,FRT_Rail_Conv,Emissions,SocietalCommitment_globalLimit,4.247309598,6.3072027,,,,
TR,Transportation,CO2,FRT_Road_ICE,Emissions,SocietalCommitment_globalLimit,222.4590863,186.0913357,134.0502868,79.33794818,,
TR,Transportation,CO2,FRT_Road_PHEV,Emissions,SocietalCommitment_globalLimit,,,8.035662069,7.967230298,6.713978747,
TR,Transportation,CO2,FRT_Ship_Conv,Emissions,SocietalCommitment_globalLimit,2.895840087,2.854006121,2.802777008,0.323225046,,
TR,Transportation,CO2,PSNG_Air_Conv,Emissions,SocietalCommitment_globalLimit,1.611805575,1.540110043,1.237576588,0.264536525,0.216249021,
TR,Transportation,CO2,PSNG_Rail_Conv,Emissions,SocietalCommitment_globalLimit,0.437911728,0.316527997,,,,
TR,Transportation,CO2,PSNG_Road_ICE,Emissions,SocietalCommitment_globalLimit,25.95752376,22.08386978,13.74161616,7.612615942,,
TR,Transportation,CO2,PSNG_Road_PHEV,Emissions,SocietalCommitment_globalLimit,,0.106987873,0.337078354,0.319750569,0.307649409,
UK,Power,CO2,P_Coal_Hardcoal,Emissions,SocietalCommitment_globalLimit,58.54980173,48.68543296,28.0291604,,,
UK,Power,CO2,P_Gas,Emissions,SocietalCommitment_globalLimit,35.85771247,29.46308708,25.53523973,27.48213233,15.03632159,
UK,Power,CO2,P_Oil,Emissions,SocietalCommitment_globalLimit,14.25351473,12.11548752,,,,
UK,Industry,CO2,HLI_Gas_Boiler,Emissions,SocietalCommitment_globalLimit,9.785452962,9.33331173,9.766422007,8.355856861,3.518317212,
UK,Industry,CO2,HLI_Hardcoal,Emissions,SocietalCommitment_globalLimit,0.805365224,0.369929894,0.031866124,0.019137353,,
UK,Industry,CO2,HLI_Oil_Boiler,Emissions,SocietalCommitment_globalLimit,1.995379184,1.781827037,0.058086391,0.059194803,,
UK,Industry,CO2,HMI_Gas,Emissions,SocietalCommitment_globalLimit,51.58598696,51.06667567,38.81931841,33.81499677,24.04027802,5.176425309
UK,Industry,CO2,HMI_HardCoal,Emissions,SocietalCommitment_globalLimit,4.657718251,0.712972398,,,,
UK,Industry,CO2,HMI_Oil,Emissions,SocietalCommitment_globalLimit,21.65704205,16.58131395,,,,
UK,Industry,CO2,HHI_BF_BOF,Emissions,SocietalCommitment_globalLimit,29.21989885,25.53417328,9.893961757,6.269960489,3.213537824,0.495969926
UK,Industry,CO2,HHI_DRI_EAF,Emissions,SocietalCommitment_globalLimit,1.003359713,,,,0.023716725,
UK,Buildings,CO2,HLR_Gas_Boiler,Emissions,SocietalCommitment_globalLimit,79.07388251,56.50913636,42.3957374,19.22593241,11.88729979,5.07008432
UK,Buildings,CO2,HLR_Hardcoal,Emissions,SocietalCommitment_globalLimit,3.107299712,1.479699938,0.301159176,0.180699925,,
UK,Buildings,CO2,HLR_Oil_Boiler,Emissions,SocietalCommitment_globalLimit,9.990807247,19.37703976,1.234524395,0.74072068,0.370367894,
UK,Transportation,CO2,FRT_Rail_Conv,Emissions,SocietalCommitment_globalLimit,2.555008114,2.080099658,,,,
UK,Transportation,CO2,FRT_Road_ICE,Emissions,SocietalCommitment_globalLimit,231.6612831,226.317003,163.0267152,96.48770908,,
UK,Transportation,CO2,FRT_Road_PHEV,Emissions,SocietalCommitment_globalLimit,,,9.772657874,9.68943383,8.165278319,
UK,Transportation,CO2,FRT_Ship_Conv,Emissions,SocietalCommitment_globalLimit,2.758197086,2.517440328,2.184183339,0.299264509,,
UK,Transportation,CO2,PSNG_Air_Conv,Emissions,SocietalCommitment_globalLimit,3.990452403,3.812951088,3.007006527,2.770687676,2.269513805,
UK,Transportation,CO2,PSNG_Rail_Conv,Emissions,SocietalCommitment_globalLimit,1.301000022,0.940378858,,,,
UK,Transportation,CO2,PSNG_Road_ICE,Emissions,SocietalCommitment_globalLimit,78.03575332,66.4046408,41.32007181,22.89059989,,
UK,Transportation,CO2,PSNG_Road_PHEV,Emissions,SocietalCommitment_globalLimit,,0.321704998,1.013570865,0.961467438,0.925080103,
NONEU_Balkan,Power,CO2,P_Coal_Lignite,Emissions,SocietalCommitment_globalLimit,33.18456,26.3264176,15.14947304,2.965428766,,
NONEU_Balkan,Power,CO2,P_Gas,Emissions,SocietalCommitment_globalLimit,0.05097749,0.041886504,,,0.085604981,
NONEU_Balkan,Industry,CO2,HLI_Gas_Boiler,Emissions,SocietalCommitment_globalLimit,1.047828814,1.221254989,1.438631271,1.286942763,0.728988248,0.136247537
NONEU_Balkan,Industry,CO2,HLI_Hardcoal,Emissions,SocietalCommitment_globalLimit,0.055354241,0.022628925,0.004419712,0.002651827,,
NONEU_Balkan,Industry,CO2,HLI_Lignite,Emissions,SocietalCommitment_globalLimit,0.229737489,0.206846979,0.018214259,0.01094743,,
NONEU_Balkan,Industry,CO2,HLI_Oil_Boiler,Emissions,SocietalCommitment_globalLimit,0.423666713,0.243396703,0.01046684,0.02093368,0.003684389,
NONEU_Balkan,Industry,CO2,HMI_Gas,Emissions,SocietalCommitment_globalLimit,3.241292256,4.310990863,3.586046422,3.222164889,2.288352795,0.316243742
NONEU_Balkan,Industry,CO2,HMI_HardCoal,Emissions,SocietalCommitment_globalLimit,0.927568357,0.283949497,,,,
NONEU_Balkan,Industry,CO2,HMI_Oil,Emissions,SocietalCommitment_globalLimit,1.986600769,0.412141369,,,,
NONEU_Balkan,Industry,CO2,HHI_BF_BOF,Emissions,SocietalCommitment_globalLimit,5.865716715,5.460179276,2.504827923,1.21205972,0.366772594,0.00325414
NONEU_Balkan,Industry,CO2,HHI_DRI_EAF,Emissions,SocietalCommitment_globalLimit,0.150731572,0.394822074,,0.036558305,0.018034144,0.005978178
NONEU_Balkan,Buildings,CO2,HLR_Gas_Boiler,Emissions,SocietalCommitment_globalLimit,4.274911986,4.624688898,4.489247775,4.228695963,3.491493148,2.540643091
NONEU_Balkan,Buildings,CO2,HLR_Hardcoal,Emissions,SocietalCommitment_globalLimit,1.79755136,0.113729284,,,,
NONEU_Balkan,Buildings,CO2,HLR_Oil_Boiler,Emissions,SocietalCommitment_globalLimit,1.379281788,0.115171513,,,,
NONEU_Balkan,Transportation,CO2,FRT_Rail_Conv,Emissions,SocietalCommitment_globalLimit,0.808400879,1.200465398,,,,
NONEU_Balkan,Transportation,CO2,FRT_Road_ICE,Emissions,SocietalCommitment_globalLimit,42.34118485,35.41922147,25.51412069,15.10058675,,
NONEU_Balkan,Transportation,CO2,FRT_Road_PHEV,Emissions,SocietalCommitment_globalLimit,,,1.529447319,1.516422532,1.277888083,
NONEU_Balkan,Transportation,CO2,FRT_Ship_Conv,Emissions,SocietalCommitment_globalLimit,0.551172364,0.543210002,0.533459439,0.061520218,,
NONEU_Balkan,Transportation,CO2,PSNG_Air_Conv,Emissions,SocietalCommitment_globalLimit,0.305154098,0.291580385,0.234303425,0.050083215,0.040941213,
NONEU_Balkan,Transportation,CO2,PSNG_Rail_Conv,Emissions,SocietalCommitment_globalLimit,0.082907368,0.059926468,,,,
NONEU_Balkan,Transportation,CO2,PSNG_Road_ICE,Emissions,SocietalCommitment_globalLimit,4.914392199,4.181015044,2.601623016,1.441253825,,
NONEU_Balkan,Transportation,CO2,PSNG_Road_PHEV,Emissions,SocietalCommitment_globalLimit,,0.020255413,0.063817152,0.06053658,0.058245535,
